"","GP92 LCMV40 M1","GP92 LCMV40 M2","GP92 LCMV40 M3","GP92 LCMV8 M1","GP92 LCMV8 M2","GP92 LCMV8 M3","GP92 LCMV8 M4","GP92 PBS M1","GP92 PBS M2","GP92 PBS M3"
"CASGDALVSAETLYF",0,0,0,4.35973638127348e-06,0,7.78840707407641e-05,0,0,0,0
"CASGDAMGAETLYF",0,0,0,5.66765729565552e-05,3.84348202389222e-05,0.000140820693561583,0.000128165223282128,0,0,0
"CASGDAPVNQDTQYF",0,0,0,0,0,0,0.000134268329152706,0,0,0
"CASGDAQNTEVFF",0.000586754490564609,0,0,6.83025366399512e-05,0,0,0,0,0,0
"CASGDETGGAREQYF",0,0,0,0,0.00018932707747321,0,0,0,0,0
"CASGDLGGQNTLYF",0,0,0,0,0,2.36012335578073e-06,0,0,0,0
"CASGDRDRASAETLYF",0,0,0.000307677359804382,0,0,0,0,0,0,0
"CASGDSASGNTLYF",2.83913463176424e-05,0,0,5.81298184169797e-06,0,0,0,0,0,0
"CASGDSGNSDYTF",0,0,0,0,0,0,0,0,0.000107079483570948,0
"CASGDTGNQDTQYF",0.000511044233717563,0,0,0,0.000313172609354181,0,2.74639764175989e-05,0,0,0
"CASGDWGENTLYF",0,0,0,0,0,1.57341557052049e-06,0,0,0,0
"CASGDWGSSYEQYF",0,0,0,0.000101727182229715,4.12818439603239e-05,4.95625904713953e-05,0,5.31589719054833e-05,0,0
"CASGEDWGYAEQFF",0,0,0,1.16259636833959e-05,0,0,2.44124234823101e-05,0,0,0
"CASGERRGYNSPLYF",0,0,0,0,0,3.225501919567e-05,0,0,0,0
"CASGETGGDEQYF",0,0,0,0,0,0,6.10310587057754e-06,0,0,0
"CASGGGSSYEQYF",0,0,0,0,0,0,1.52577646764438e-05,0,0,0
"CASGRDRGRAEQFF",0,0,0,0,0,0.000177009251683555,0,0,0,0
"CASIPGGSQNTLYF",0,0,0,7.26622730212247e-06,0,0,0,0,0,0
"CASRDNQDTQYF",0,0,0,0.00010027393676929,4.27053558210247e-06,0,3.35670822881765e-05,0,0,0
"CASRDRGGAETLYF",0,0,0,0,0,0,0,7.9738457858225e-05,0,0
"CASRDRGLEQYF",0,0,0,0,0,0,3.05155293528877e-05,0,0,0
"CASRDWGGEQYF",0,0,0,7.26622730212247e-06,0,1.57341557052049e-06,0,0,0,0
"CASRDWGGYEQYF",0,0,0.000161935452528622,0,0,1.02272012083832e-05,0.000103752799799818,0,6.11882763262559e-05,0
"CASRNTGQLYF",9.46378210588079e-05,0,0,0,0,0,0,0,3.05941381631279e-05,0.000187229010642491
"CASRQGAQDTQYF",0,0,0,0,6.97520811743403e-05,0,0,0,0,0
"CASRQGSQNTLYF",8.51740389529271e-05,0,0,0,0,2.04544024167663e-05,0,0,0,0
"CASRRGGSYEQYF",0,0,0,0,0,0,0,0,0.000122376552652512,0
"CASRTDSSGNTLYF",0,0,0,0,0.000192174101194611,0,0,0,0,0
"CASRTGGANTEVFF",0,0,0,0.000528981347594515,5.69404744280329e-06,0,0,0,0,0
"CASSAGGYEQYF",9.46378210588079e-06,0,0,0,0,0,0,0,3.05941381631279e-05,0
"CASSASSYEQYF",0,0,0,4.06908728918858e-05,0,5.5069544968217e-06,1.83093176117326e-05,0,0,0
"CASSDAGFSNERLFF",0,0,0,0,1.42351186070082e-06,0,0,0,9.17824144893838e-05,0
"CASSDAGGSAETLYF",0,0,0,2.90649092084899e-06,0,0,0,0,0,0
"CASSDAGQGNTEVFF",0,0,0,9.4460954927592e-05,0,0,0,0,0,0
"CASSDALGVYAEQFF",0,0,0,0,0,0,4.27217410940428e-05,0,0,0
"CASSDGGANERLFF",0,0,0,5.81298184169797e-06,4.8399403263828e-05,0,0,0,0,0
"CASSDGGSEVFF",0,0,0,0,2.84702372140165e-06,0,0,0,0,0
"CASSDGGSYEQYF",9.46378210588079e-06,0,0,0.0009315303401321,6.40580337315371e-05,7.86707785260243e-07,7.62888233822192e-05,0,0,0
"CASSDGSYEQYF",0,0,0,0,8.54107116420494e-06,0,0,0,0,0
"CASSDGTEVFF",0.000444797758976397,1.26882620887417e-05,0,0,1.85056541891107e-05,0,0,0,0,0
"CASSDLGGYYAEQFF",0,0,0,0,9.96458302490576e-06,0,0,0,0,0
"CASSDLGNTGQLYF",0,0,0,0,0,0.000148687771414186,0,0,0,0
"CASSDRTANTEVFF",0,0,0,0,7.11755930350412e-06,0,0,0,0,0
"CASSDWTDTEVFF",0.000577290708458728,3.17206552218543e-05,0,0.0013587845054969,0.000669050574529387,0,3.05155293528877e-05,0,0,0
"CASSDWVQDTQYF",0,0,0,0,0.000287549395861566,0,0,0,0,0
"CASSEGQGNSPLYF",0,0,0,4.35973638127348e-06,0.000159433328398492,0,0,0,0,0
"CASSEGRAEQFF",0,0,0,0,4.27053558210247e-06,0,0,0,0,0
"CASSETGGSAETLYF",0,0,0,4.35973638127348e-06,0,0,0,0,0,0
"CASSEYRDEQYF",0,0,0,0,5.69404744280329e-06,2.36012335578073e-06,0.00379613185149923,0,7.64853454078199e-05,0
"CASSFAGQGNTQYF",0,0,0,1.01727182229715e-05,0,0,0,0,0,0
"CASSFDWGGGQDTQYF",4.7318910529404e-05,0,0,0,0,0,0,0,0,0
"CASSFDWGGYEQYF",0.00023659455264702,0,0,4.35973638127348e-06,0.000193597613055312,2.75347724841085e-05,0,5.31589719054833e-05,0,0
"CASSFGVSNERLFF",6.62464747411656e-05,2.53765241774834e-05,0,0,0,2.2814525772547e-05,0,0,0,0
"CASSFPDWGDEQYF",0,0,0,0,0,0.000201397193026622,0,0,0,0
"CASSFSNTGQLYF",0,0,0,0,0,0,0,0,0,1.97083169097359e-05
"CASSFSTGGYEQYF",0,0,0,0,0,0.000126659953426899,0,0,0,0
"CASSFWDNSPLYF",0,0,0,5.66765729565552e-05,1.42351186070082e-06,4.24822204040531e-05,0,0,0,0
"CASSGLGGSQNTLYF",0,0,0,2.32519273667919e-05,0,0,0,0,1.5297069081564e-05,0
"CASSGLGVSAETLYF",0,0,0,1.45324546042449e-06,0,0,0,0,0,0
"CASSGNTLYF",0,0,0,8.71947276254696e-06,0,0,0,0,0,0
"CASSGQGQDTQYF",0,0,0,1.30792091438204e-05,0,0,0,0,0,0
"CASSGTGGRDTQYF",0,0,0,0,0,1.57341557052049e-06,0,0,0,0
"CASSGTGGSYEQYF",4.7318910529404e-05,0,0,2.90649092084899e-06,0,0,0,0,0,0
"CASSGTINQDTQYF",0,0,0,5.81298184169797e-06,0,0,0,0,0,0
"CASSGTYEQYF",0,0,0,0,0,3.14683114104097e-06,6.10310587057754e-06,0,0,0
"CASSHRDTQYF",0,0,0,0,6.40580337315371e-05,4.79891749008748e-05,0,0,0,0
"CASSHRNSDYTF",0,0,0,2.76116637480654e-05,0,0,0,0,0,0
"CASSIAQGNTEVFF",0,0,0,0,0.000716026465932514,0,0,0,0,0
"CASSIRDWGDEQYF",0,0,0,1.16259636833959e-05,0,0,0,0,0,0
"CASSIWGEQDTQYF",0,0,0,0,0.000185056541891107,0,0,0,0,0
"CASSLAGGYAEQFF",0,5.70971793993377e-05,0,0,2.84702372140165e-06,1.57341557052049e-06,0.000405856540393406,0.000132897429763708,0,0
"CASSLALGGREQYF",0,0,0,0,0,4.01220970482724e-05,0,0,0,3.94166338194718e-05
"CASSLAWGYEQYF",0,0,0,0,0,0,0,0,4.58912072446919e-05,0
"CASSLDINERLFF",0,0,0,0,5.69404744280329e-06,0,0,0,0,4.92707922743398e-05
"CASSLELSSYEQYF",5.67826926352848e-05,0,0,0,0,0,0,0,0,0
"CASSLGAQDTQYF",0,0,0,0,0,7.86707785260243e-07,0.000448578281487449,0,0,0
"CASSLGDSNYAEQFF",0,0,0,0,1.56586304677091e-05,0,0,0,0,0
"CASSLGGGDEQYF",0,0,0,0,0,0,3.05155293528877e-06,0,0,0
"CASSLGGHTEVFF",2.83913463176424e-05,0,0,0,0,0,2.44124234823101e-05,0,0,2.95624753646039e-05
"CASSLGGNTEVFF",0,0,0,0.000124979109596506,2.84702372140165e-06,9.20448108754484e-05,0,0,9.17824144893838e-05,0
"CASSLGGRNQAPLF",2.83913463176424e-05,0,0,0,0,0,0,0,0,0
"CASSLGGSQAPLF",3.78551284235232e-05,0,0,0,0,0,0,0,0,0
"CASSLGHQDTQYF",0,0,0,2.76116637480654e-05,3.27407727961189e-05,0.000703316760022657,6.10310587057754e-06,0,0,2.95624753646039e-05
"CASSLGQGAANTEVFF",0,0,0,0,0,0,0,0,0,0.000423728813559322
"CASSLGQSSYEQYF",0,0,0,1.01727182229715e-05,0,0.000425608911825791,0.000286845975917144,5.31589719054833e-05,0,0
"CASSLGRGREQYF",3.78551284235232e-05,0,0,1.59857000646694e-05,0,0,0,0,0,0
"CASSLGTANSDYTF",0,3.80647862662251e-05,0,1.16259636833959e-05,3.84348202389222e-05,7.15904084586821e-05,0.000280742870046567,0,0,0
"CASSLGTGGSNERLFF",0,0,0,0,0,0,9.1546588058663e-06,0,0,0
"CASSLGTGQDTQYF",0,0,0,0,0,0,0,0,0,2.95624753646039e-05
"CASSLGTVNYAEQFF",0,0,0,0,0,1.25873245641639e-05,0,0,0,0
"CASSLNNYEQYF",0,0,0,4.35973638127348e-06,0,5.27094216124363e-05,0,0,0,0.000758770201024832
"CASSLNTYAEQFF",0,0,0,5.81298184169797e-06,0,0,0,0,0,0
"CASSLRDWGNYAEQFF",0,0,0,0,0,7.86707785260243e-07,0,0,0,0
"CASSLRGEQYF",0,0,0,2.90649092084899e-06,0,3.93353892630121e-06,0,0,0,0
"CASSLRGQAPLF",0,0,0,0.000215080328142825,0,0,0,0,0,0
"CASSLRGSDYTF",0,0,0,0,0,1.41607401346844e-05,0,0,0,0
"CASSLRQTEVFF",0,0,0.000129548362022898,8.71947276254696e-06,0.00022491487399073,7.23771162439423e-05,3.66186352234652e-05,0,0,0
"CASSLSGGSDYTF",0,0,0,0,0,1.41607401346844e-05,0,0,0,0
"CASSLSGNSDYTF",0,0,0,0,0,0,0,0,0,9.85415845486795e-05
"CASSLSGNTLYF",0,0,0,1.59857000646694e-05,0,0,0,0,0,4.92707922743398e-05
"CASSLSQNTLYF",0,0,0,1.45324546042449e-06,0,1.02272012083832e-05,4.57732940293315e-05,0.000106317943810967,0,2.95624753646039e-05
"CASSLSRNTEVFF",0,0,0,0,0.00379081208504629,0,0,0,4.58912072446919e-05,0
"CASSLSSQNTLYF",0,0,0,2.90649092084899e-06,0,5.5069544968217e-06,0,0,0,0
"CASSLVGGALEQYF",0,0,0,0,0,0,0,0,4.58912072446919e-05,0
"CASSLVGGNYAEQFF",0,1.26882620887417e-05,0,0,0,0,0,0,0,0
"CASSLWDNSPLYF",1.89275642117616e-05,0,9.71612715171733e-05,0.000175842700711364,7.11755930350412e-06,3.93353892630121e-06,0,0,0,0
"CASSLWGGSYEQYF",7.57102568470463e-05,0,0,0,0,1.18006167789036e-05,0,0,0,0
"CASSLWTGNYAEQFF",0,0,0,0,0,0.00219963496758764,0,0,0,0
"CASSPDRANTEVFF",0,1.26882620887417e-05,0,2.90649092084899e-06,0,0,0,0,0,0
"CASSPDRGREQYF",0,0,0,0,4.27053558210247e-06,0,0,0,0,0
"CASSPDWGAGAETLYF",0,0,0,0,0,0.000489332242431871,0,0,0,0
"CASSPDWGSNTGQLYF",0,0,0,8.28349912441961e-05,0,0,0,0,0,0
"CASSPDWGTSAETLYF",1.89275642117616e-05,0,0.000194322543034347,0.00104778997696606,8.54107116420494e-06,0.000333564100950343,0.00042111430506985,0,0,0
"CASSPGDEQYF",0,1.26882620887417e-05,0,0,1.70821423284099e-05,0,0,0,0,0
"CASSPGLGGRQDTQYF",0,0,0,0,0,0.000217918056517087,0,0,0,0
"CASSPGLGGSQNTLYF",0,0,0,0,0,6.29366228208194e-06,0,0,6.11882763262559e-05,0
"CASSPGLGGYEQYF",4.7318910529404e-05,0,0,0,0,4.72024671156146e-06,2.44124234823101e-05,0,0,0.000256208119826567
"CASSPGLGQDTQYF",0,0,4.85806357585866e-05,4.35973638127348e-06,0,1.57341557052049e-06,3.05155293528877e-06,0,0,0
"CASSPGLGVEQYF",0,0,0,0,0,0,6.10310587057754e-06,0,0,0
"CASSPGQDTQYF",0,0,0,8.71947276254696e-06,0,0,0,0,0,2.95624753646039e-05
"CASSPGQGANTEVFF",0,0,0,4.06908728918858e-05,7.11755930350412e-06,0,0,0,0,0
"CASSPGQGDNSPLYF",0,0,0,1.01727182229715e-05,0,0,0,0,0,0
"CASSPGQGGTEVFF",0,0,0,0,0,1.02272012083832e-05,0,0,0,1.97083169097359e-05
"CASSPGQGQNTLYF",0,0,0,0,0,3.14683114104097e-06,0,0,0,0
"CASSPGQIYAEQFF",0,0,0,0,7.11755930350412e-06,0,0,0,0,0
"CASSPGQNTLYF",0,0,0,2.03454364459429e-05,0,8.65378563786267e-06,0,0,0,0
"CASSPGQQDTQYF",0,0,0,1.45324546042449e-06,4.41288676817255e-05,8.65378563786267e-06,2.74639764175989e-05,0,0.000183564828978768,9.85415845486795e-06
"CASSPGSTGQLYF",0,0,0,0.000133698582359053,0,1.18006167789036e-05,0,0,0,0
"CASSPGTANYAEQFF",0,0,4.85806357585866e-05,0,0,0,0,0,0,0
"CASSPGTGGDTQYF",9.46378210588079e-06,0,0,1.45324546042449e-05,0,0.000208477563093964,0.000363134799299363,0,0,0
"CASSPGTGGTEVFF",0,0,4.85806357585866e-05,0,0,0,0,0,1.5297069081564e-05,0
"CASSPGTGKDTQYF",0,0,0,0,0,0,3.35670822881765e-05,0,0,2.95624753646039e-05
"CASSPGTYEQYF",0,0,0,0,2.84702372140165e-06,0,0,0,0,0
"CASSPGWYAEQFF",0,0,0,0,0,0.00019353011517402,0,0,0,0
"CASSPGYEQYF",3.78551284235232e-05,0,0,6.68492911795267e-05,0,2.04544024167663e-05,0,0,0,2.95624753646039e-05
"CASSPPGLGYEQYF",0,0,0,0,0,0,0,0,0,1.97083169097359e-05
"CASSPQGNTLYF",0,0,0,0,0,0,9.1546588058663e-06,0,0,0
"CASSPRGNSDYTF",0,0,0.000161935452528622,0,0,0.000350084964440808,0,0,0,0
"CASSPRGRGAETLYF",0,0,0,0,3.55877965175206e-05,0,0,0,0,0
"CASSPRGTEVFF",0,0,0,0,7.82931523385453e-05,2.51746491283278e-05,3.05155293528877e-06,0,0,0
"CASSPTGYEQYF",0,0,0,2.90649092084899e-05,0,0,3.05155293528877e-06,0,0.000198861898060332,0
"CASSQDRGDTQYF",0.000728711222152821,1.26882620887417e-05,0,4.35973638127348e-06,4.27053558210247e-06,0,0,0,0,0
"CASSQDWGSEQYF",0,0,0,0,4.27053558210247e-06,0,0,0,0,0
"CASSQERTGYEQYF",4.7318910529404e-05,0,0,1.59857000646694e-05,0,0.000110925797721694,0.000762888233822192,0,0,0
"CASSQETYTEVFF",2.83913463176424e-05,0,0.00014574190727576,0,0,0,0,0,0,0
"CASSQGDTQYF",3.78551284235232e-05,0,0,0,8.54107116420494e-06,0,0,0,0.00015297069081564,0
"CASSQGLGGPYEQYF",0,0,0,9.4460954927592e-05,5.69404744280329e-06,0.000338284347661904,5.18763998999091e-05,0,9.17824144893838e-05,0
"CASSQGLGVEQYF",8.51740389529271e-05,1.90323931331126e-05,0,0,0,0,3.35670822881765e-05,0,0,0
"CASSRDLYEQYF",0,0,0,1.45324546042449e-05,0,0,0,0,0,0
"CASSRDRANSDYTF",0,0,0,0.000123525864136082,0,1.57341557052049e-06,3.05155293528877e-06,0,0,6.89791091840757e-05
"CASSRDRGNQAPLF",0,0,0,0,0,0,0,0,0,9.85415845486795e-06
"CASSRDRGREQYF",0,0,6.47741810114488e-05,0,0,0,0,0,0,1.97083169097359e-05
"CASSRDWGDEQYF",0.000208203206329377,0,4.85806357585866e-05,0,0,2.36012335578073e-06,3.35670822881765e-05,0.000106317943810967,0.000275347243468152,0
"CASSRDWGNNYAEQFF",0,0,0,0,6.54815455922379e-05,0,0,0,4.58912072446919e-05,0
"CASSRDWGYAEQFF",0,0,0,2.32519273667919e-05,0,5.5069544968217e-06,1.83093176117326e-05,0,0,0
"CASSRGQNTEVFF",0,0,0,0.000155497264265421,2.84702372140165e-05,0,0,0,0,0
"CASSRTGGGNTLYF",0,0,0,0,2.56232134926148e-05,2.36012335578073e-06,0,0,0,1.97083169097359e-05
"CASSRTNTEVFF",0,0,0,0,0,0,0,0,0,2.95624753646039e-05
"CASSSDRTNTEVFF",0,0,0,5.81298184169797e-06,2.84702372140165e-06,0,0,0,0,0
"CASSSDWGGEQYF",0,0,0,0,4.27053558210247e-06,0,4.88248469646203e-05,0,0,0
"CASSSDWGQDTQYF",0,1.26882620887417e-05,0,4.35973638127348e-06,0,0,0,0,1.5297069081564e-05,0
"CASSSGHANSDYTF",0,0,0,2.90649092084899e-05,0.000562287184976825,0,0.000155629199699727,0,0,0
"CASSSGTANERLFF",0,0,0,0,0,0,0,7.9738457858225e-05,0,0
"CASSSGTGGDEQYF",0,0,0,0,0,2.98948958398892e-05,0,0,0,9.85415845486795e-06
"CASSSRDEQYF",0,0,0,0,0,0,3.05155293528877e-06,0,0,0
"CASSSRDRANYAEQFF",0,0,0,7.26622730212247e-06,0,0,0,0,0,0
"CASSSRDRGNYAEQFF",0,0,0,0,9.82223183883568e-05,0,0,0,0,0
"CASSSTGDNQAPLF",0,3.80647862662251e-05,0,8.13817457837716e-05,0,3.38284347661904e-05,0,0,0,0
"CASSSTGGALEQYF",0,0,3.23870905057244e-05,2.03454364459429e-05,0,3.38284347661904e-05,2.44124234823101e-05,0,0,0
"CASSSTSQNTLYF",9.46378210588079e-06,0,0,0,0,0,0,0,0,0
"CASSVRDRDTEVFF",0,0,0,2.32519273667919e-05,0,0,0,0,0,0
"CASSWGDQDTQYF",0,6.34413104437085e-06,0,2.32519273667919e-05,1.28116067463074e-05,0.000695449682170055,7.32372704469304e-05,0,0,0
"CASSWTGGNQAPLF",0,0,0,0,0,0,0.000228866470146658,0,0,0
"CASSWTGGNYAEQFF",0,2.53765241774834e-05,0.000178128997781484,0,9.96458302490576e-05,3.14683114104097e-06,0,0,0,0
"CASSWTTNTGQLYF",0,0,0,0,0,0,8.23919292527967e-05,0,0,0
"CASSYRGEQYF",0,0,0,0,0,0.00012980678456794,0,0,0,0
"CASSYTGGNTEVFF",0.000160884295799973,0,0,7.26622730212247e-06,0,0,0,0,0,0
"CASTDRGEVFF",0,0,0,2.90649092084899e-06,0,0,0,0,0,0
"CAWSRQGAGNSPLYF",0,0,0,0,0,0,0,0,9.17824144893838e-05,0
"CAWSSRDWENTGQLYF",0,0,0,0.00113062496821026,0.000444135700538657,0,0,0,0,0
"CGAFDRTFANSDYTF",0,0,0,2.90649092084899e-06,0,0,0,0,0,0
"CGARDPGQGNERLFF",0.000463725323188159,0,0,0,2.84702372140165e-05,3.30417269809302e-05,0,0,0,0
"CGARDRGTGQLYF",0,0,0,0,0,1.96676946315061e-05,6.10310587057754e-06,7.9738457858225e-05,0,0
"CGAREQGSQNTLYF",2.83913463176424e-05,0,0,0,2.84702372140165e-06,0,2.13608705470214e-05,0,0,0
"CGARESGSQNTLYF",0,0,0,0,2.13526779105124e-05,0,0,0,0,0
"CGARTGGEQYF",0,0,0,0,4.27053558210247e-05,4.95625904713953e-05,2.44124234823101e-05,0,0,0
"CGAWDNQDTQYF",0,0,0,0,0.000193597613055312,0,0,0,0,0
"CSAAGGNYAEQFF",0,0,0,0,0,1.02272012083832e-05,0,0,0,0
"CSADRPGGYEQYF",0,0,0,0,0,0,7.9340376317508e-05,0,0,0
"CSAERGTEVFF",0.000274449681070543,0,0,7.26622730212247e-06,0,7.08037006734219e-06,0,0,0,0
"CSALGGGAETLYF",0,0,0,0,7.11755930350412e-06,0,1.52577646764438e-05,0,0,0.000630666141111549
"CSAQFSNERLFF",0,0,0,0,0,0,0,0,6.11882763262559e-05,0
