"","NP205 LCMV40 M1","NP205 LCMV40 M2","NP205 LCMV40 M3","NP205 LCMV8 M1","NP205 LCMV8 M2","NP205 LCMV8 M3","NP205 LCMV8 M4","NP205 PBS M1","NP205 PBS M2","NP205 PBS M3"
"CADRGVQNTLYF",1.80851448620103e-05,8.69398897602198e-06,0,0,0,0,0,0,0,0
"CASGDAAGGGEQYF",0,0,0,0,0,0,0,1.21826916438918e-05,0,1.20469590463627e-05
"CASGDAGAETLYF",0,0,0.000109639772436561,0,0,0,0,4.46698693609366e-05,0,3.61408771390882e-05
"CASGDARANTEVFF",0,0,0,0,0,0,0,8.1217944292612e-06,0,0
"CASGDATGGAQDTQYF",0,0,0,0,0,0,0,0,3.80715491313342e-05,1.20469590463627e-05
"CASGDGDWGYEQYF",0,0,1.21821969373957e-05,0,0,0,0.000126887450831113,2.84262805024142e-05,0,3.01173976159068e-05
"CASGDGGEQYF",0,3.47759559040879e-05,0,1.5434718856596e-05,0,0,0,3.24871777170448e-05,0,3.61408771390882e-05
"CASGDGISNERLFF",0,2.60819669280659e-05,0,0,0,6.50009100127402e-05,0,2.0304486073153e-05,0,2.40939180927254e-05
"CASGDGTGGAREQYF",0,2.60819669280659e-05,0,0,0,0,0,0,0,0
"CASGDRDWGSSQNTLYF",0,1.7387977952044e-05,0,0,0,0,0,0,0,0
"CASGDREVFF",0,2.60819669280659e-05,2.43643938747914e-05,0.000123477750852768,0,7.80010920152882e-05,0,1.21826916438918e-05,0,0
"CASGDRRDSNYAEQFF",0,0,0,0,0,0,0,0,2.53810327542228e-05,0
"CASGDTGDSDYTF",0.000108510869172062,0,0,0,0,0,0,8.1217944292612e-06,3.80715491313342e-05,0
"CASGERDWGNEQYF",0,4.34699448801099e-05,0,0,0,0,0,0,0,0
"CASGERTGSNNQAPLF",0,3.47759559040879e-05,0,0,0,0,0,0,0,0
"CASGGAEQFF",0,1.7387977952044e-05,0,0,0,0,0,3.65480749316754e-05,0,1.80704385695441e-05
"CASGGGNSGNTLYF",0,8.69398897602198e-06,0,0,0,0,0,0,0,0
"CASGVRQGNSDYTF",1.80851448620103e-05,0,0,0,0,0,0,0,0,0
"CASRDIQDTQYF",0.000126596014034072,1.7387977952044e-05,0,6.17388754263841e-05,0,0,0,4.87307665755672e-05,3.80715491313341e-05,3.01173976159068e-05
"CASRDRGGEQYF",0,8.69398897602198e-06,0,3.08694377131921e-05,0,0,0,1.21826916438918e-05,3.80715491313342e-05,6.02347952318136e-06
"CASRDRGQEQYF",0,0,0,0,0.0002999700029997,0,0,1.62435888585224e-05,0,1.80704385695441e-05
"CASRDRGRNTEVFF",0,0,0,0,0,1.3000182002548e-05,0,0,7.61430982626683e-05,1.20469590463627e-05
"CASRDRVAETLYF",0,0,0,3.08694377131921e-05,0,0,0,0,0,0
"CASRDWGGYAEQFF",7.23405794480414e-05,6.08579228321539e-05,6.09109846869785e-05,0,0,0,0,1.21826916438918e-05,0,4.21643566622695e-05
"CASRGTANTGQLYF",0,0,0,0,0,0,0,8.1217944292612e-06,0,2.40939180927254e-05
"CASRHNSGNTLYF",0,0,0,0,0,0,0,0,3.80715491313342e-05,0
"CASRQDTQYF",3.61702897240207e-05,4.34699448801099e-05,0,0.000108043031996172,0,0,0,3.24871777170448e-05,3.80715491313342e-05,1.20469590463627e-05
"CASRQGYSGNTLYF",0,1.7387977952044e-05,0,0,0,0,0,0,0,0
"CASRSGTNYAEQFF",0,0,0,0,0,0,0,0,0,6.02347952318136e-06
"CASRTGDQDTQYF",0,0,0,0,0,0,0,1.62435888585224e-05,0,1.20469590463627e-05
"CASSAAGGYEQYF",1.80851448620103e-05,0,0,0,0,0,0,0,0,0
"CASSAGFNSPLYF",1.80851448620103e-05,3.47759559040879e-05,0,0,0,0,0,0,0,0
"CASSAGNNNQAPLF",0,7.82459007841978e-05,0,0,0,0,0,0,5.07620655084455e-05,0
"CASSAGQSGNTLYF",0,0,0,0,0,0,0,8.1217944292612e-06,0,0
"CASSAGTGGYAEQFF",0.000108510869172062,6.95519118081758e-05,0,4.63041565697881e-05,0,0.00013000182002548,0,4.0608972146306e-05,1.26905163771114e-05,1.20469590463627e-05
"CASSAPGQGNERLFF",3.61702897240207e-05,0,0,0,0,0,0,4.0608972146306e-06,1.26905163771114e-05,1.20469590463627e-05
"CASSDAGANSDYTF",0,8.69398897602198e-06,0,0,0,9.10012740178363e-05,0,3.24871777170448e-05,5.07620655084455e-05,5.42113157086323e-05
"CASSDAGQGNERLFF",0,0,0,0,0,6.50009100127402e-05,0,0,0,1.20469590463627e-05
"CASSDAGQLYF",0,8.69398897602198e-06,0,0,0,0,0,1.62435888585224e-05,0,0
"CASSDGGAGNTLYF",3.61702897240207e-05,2.60819669280659e-05,0,3.08694377131921e-05,0,0,0,3.24871777170448e-05,0,0
"CASSDGGEQYF",0,2.60819669280659e-05,1.21821969373957e-05,1.5434718856596e-05,0,9.10012740178362e-05,0,3.65480749316754e-05,7.61430982626683e-05,1.20469590463627e-05
"CASSDGGSYAEQFF",0,8.69398897602198e-06,0,0,0,0,0,4.0608972146306e-06,0,0
"CASSDGHEQYF",0,2.60819669280659e-05,0,0,0,0,0,0,0,0
"CASSDGQGGNTLYF",0,0,0,0,0,0,0,8.1217944292612e-06,0,0
"CASSDHRNTEVFF",0,0,0,0,0,0,0,5.68525610048284e-05,0,0
"CASSDLGGSYEQYF",0,1.7387977952044e-05,0,0,0,0,0,0,1.26905163771114e-05,1.80704385695441e-05
"CASSDNSQNTLYF",7.23405794480414e-05,3.47759559040879e-05,0,4.63041565697881e-05,0,0,0,6.0913458219459e-05,0,1.80704385695441e-05
"CASSDNTNTEVFF",1.80851448620103e-05,4.34699448801099e-05,0,0,0,0,0,0,0,0
"CASSDPWGAYEQYF",0,8.69398897602198e-06,0,0,0,0,0,0,0,0
"CASSDQGDEQYF",0,0,0,3.08694377131921e-05,0,0,0,1.62435888585224e-05,0,1.20469590463627e-05
"CASSDRDKQNTLYF",0,2.60819669280659e-05,0,0,0,0,0,0,0,0
"CASSDRGGVNYAEQFF",0,8.69398897602198e-06,0,0,0,0,0,0,0,0
"CASSDRGQDTQYF",0,7.82459007841978e-05,8.52753785617698e-05,0,0,9.10012740178362e-05,0,0.000117766019224287,3.80715491313342e-05,3.01173976159068e-05
"CASSDRTGGSQNTLYF",0,1.7387977952044e-05,8.52753785617698e-05,0,0,0,0,8.1217944292612e-06,0,0
"CASSDSISNERLFF",5.4255434586031e-05,2.60819669280659e-05,2.43643938747914e-05,3.08694377131921e-05,0,9.10012740178363e-05,0.000253774901662226,8.1217944292612e-06,0,6.02347952318136e-06
"CASSDTGDEQYF",0,5.21639338561319e-05,0,0,0,2.60003640050961e-05,0,0,0,3.01173976159068e-05
"CASSDTRANTEVFF",0,0,0,0,0,0,0,0,6.34525818855569e-05,0
"CASSDVGRQNTLYF",0,0,0,4.63041565697881e-05,0,0,0,0,0,0
"CASSDWANYAEQFF",0,0,0,3.08694377131921e-05,0,0,0,0,0,1.20469590463627e-05
"CASSDWDSANTEVFF",0,0,0,3.08694377131921e-05,0,0,0,4.0608972146306e-06,0,0
"CASSEGFEQYF",0,0,0,0,0,0,0,0,3.80715491313342e-05,0
"CASSEGNERLFF",3.61702897240207e-05,4.34699448801099e-05,0,0,0,0,0,4.0608972146306e-06,3.80715491313342e-05,6.02347952318136e-06
"CASSEGTEYEQYF",0,1.7387977952044e-05,0,0,0,0,0,0,0,1.20469590463627e-05
"CASSELGGYAEQFF",0,2.60819669280659e-05,0,0,0.0001999800019998,1.3000182002548e-05,0,8.1217944292612e-06,5.07620655084455e-05,0
"CASSELHYEQYF",0,0,0,0,0,0,0,0,2.53810327542228e-05,0
"CASSENSQNTLYF",0,0,0,0,0,6.50009100127402e-05,0,8.1217944292612e-06,0,0
"CASSENTEVFF",0.000144681158896083,8.69398897602198e-06,0.000121821969373957,1.5434718856596e-05,0.0001999800019998,3.90005460076441e-05,0.00088821215581779,6.49743554340896e-05,0.000126905163771114,3.61408771390882e-05
"CASSETGGGQNTLYF",0,0,0,1.5434718856596e-05,0,0,0,0,1.26905163771114e-05,0
"CASSFGNTEVFF",0,0,0,4.63041565697881e-05,0,0.000169002366033124,0,2.43653832877836e-05,0,1.80704385695441e-05
"CASSFGQGANTEVFF",0,0,2.43643938747914e-05,0,0,0,0,0,0,1.80704385695441e-05
"CASSFGTGSNERLFF",5.4255434586031e-05,0,0,0,0,0,0,0,0,0
"CASSFLGSQNTLYF",0,3.47759559040879e-05,0,1.5434718856596e-05,0,0,0,8.1217944292612e-06,0,1.20469590463627e-05
"CASSFNQDTQYF",9.04257243100517e-05,0.000156491801568396,4.87287877495828e-05,0.000277824939418728,0,0.000195002730038221,0,0.000182740374658377,2.53810327542228e-05,0.000144563508556353
"CASSFNRGNTEVFF",0,6.08579228321539e-05,0,0,0,0,0,1.21826916438918e-05,0,0
"CASSFREEVFF",0,2.60819669280659e-05,0,0,0,0,0,0,0,0
"CASSFRVQDTQYF",0,8.69398897602198e-06,0,0,0,0,0,6.90352526487202e-05,7.61430982626683e-05,1.20469590463627e-05
"CASSFTGDTGQLYF",0,0,0,0,0,7.80010920152882e-05,0,8.1217944292612e-06,0,1.20469590463627e-05
"CASSFVTEVFF",0,0,0,0,0,0,0,8.1217944292612e-06,0,0
"CASSFWGYYAEQFF",0,0,0,0,0,0,0.000126887450831113,0,0,0
"CASSGDRNTGQLYF",0,0,0,0,0,0,0,2.43653832877836e-05,1.26905163771114e-05,2.40939180927254e-05
"CASSGGFAETLYF",0,4.34699448801099e-05,0,0,0,0,0,0,0,0
"CASSGLGGEDTQYF",0,0,0,0,0,0,0.000507549803324451,0,0,0
"CASSGTAANTEVFF",0,0,0,0,0,2.60003640050961e-05,0,0,0,0
"CASSGTEQYF",0,2.60819669280659e-05,0,0,0,0,0,8.1217944292612e-06,2.53810327542228e-05,1.20469590463627e-05
"CASSGTGGKNTLYF",0,0,0,0,0,0,0,1.62435888585224e-05,0,0
"CASSHPNSDYTF",0,8.69398897602198e-06,0,0,0,0,0,4.0608972146306e-06,0,0
"CASSIGRENTEVFF",0,8.69398897602198e-06,0,0,0,0,0,0,0,0
"CASSLADRGYEQYF",0,0,0,0,0,6.50009100127402e-05,0,0,0,2.40939180927254e-05
"CASSLAGISYEQYF",0,0,7.30931816243741e-05,0,0,0,0,0,0,0
"CASSLAGTASAETLYF",0,0,0,0,0,5.20007280101921e-05,0,0,0,0
"CASSLARQDTQYF",0.000108510869172062,0,0,7.71735942829801e-05,0,0,0,2.43653832877836e-05,0,1.20469590463627e-05
"CASSLAVQDTQYF",0,1.7387977952044e-05,0,0,0,0,0,0,0,0
"CASSLDGTGAGNTLYF",0,8.69398897602198e-06,0,0,0,0,0,0,0,0
"CASSLDKNTEVFF",5.4255434586031e-05,0,0,3.08694377131921e-05,0,0,0,1.21826916438918e-05,1.26905163771114e-05,7.83052338013577e-05
"CASSLDKSQNTLYF",0,1.7387977952044e-05,6.09109846869785e-05,0,0,0,0,4.0608972146306e-06,0,1.20469590463627e-05
"CASSLDLGGREQYF",0,0,0,0,0,5.20007280101921e-05,0,1.62435888585224e-05,1.26905163771114e-05,0
"CASSLDRGSAETLYF",0,0,0,0,0,0,0,1.21826916438918e-05,0,1.80704385695441e-05
"CASSLDRNTGQLYF",0,3.47759559040879e-05,0,1.5434718856596e-05,0,0,0,3.24871777170448e-05,0,0
"CASSLDSNERLFF",0,1.7387977952044e-05,0,0,0.0001999800019998,6.50009100127402e-05,0,4.87307665755672e-05,1.26905163771114e-05,6.02347952318136e-05
"CASSLDSNYAEQFF",0,8.69398897602198e-06,9.74575754991655e-05,0,0,0,0,1.62435888585224e-05,1.26905163771114e-05,4.81878361854509e-05
"CASSLDSSQNTLYF",7.23405794480414e-05,8.69398897602198e-06,0,0.00169781907422556,0.0004999500049995,0.000104001456020384,0.00088821215581779,9.74615331511344e-05,1.26905163771114e-05,0.000114446110940446
"CASSLDSTNSDYTF",0,0,0,0,0,0,0,8.1217944292612e-06,2.53810327542228e-05,0
"CASSLDWGDQDTQYF",0,5.21639338561319e-05,1.21821969373957e-05,0,0,0,0,3.24871777170448e-05,0,4.21643566622695e-05
"CASSLDWGEDTQYF",7.23405794480414e-05,0.000139103823616352,0.000109639772436561,0.00023152078284894,0.0001999800019998,0.000104001456020384,0,0.000186801271873008,0.000177667229279559,0.000204798303788166
"CASSLDWGGEQYF",0,0,0,0,0,2.60003640050961e-05,0,1.21826916438918e-05,0,2.40939180927254e-05
"CASSLDWGGTETLYF",0,0,4.87287877495828e-05,0,0,0,0,1.21826916438918e-05,2.53810327542228e-05,0
"CASSLDWGVAETLYF",0,0,0,0,0,0,0,1.21826916438918e-05,0,2.40939180927254e-05
"CASSLDWGYYAEQFF",0,8.69398897602198e-06,6.09109846869785e-05,1.5434718856596e-05,0,0,0,0,0,2.40939180927254e-05
"CASSLDWVYAEQFF",3.61702897240207e-05,0,0,0,0,0,0,1.21826916438918e-05,0,3.61408771390882e-05
"CASSLEGQGTEVFF",0,1.7387977952044e-05,0,0,0,0,0,1.21826916438918e-05,0,0
"CASSLEGQNTEVFF",0,2.60819669280659e-05,0,0,0.0013998600139986,0,0,0,0,0
"CASSLEGQNTLYF",3.61702897240207e-05,6.95519118081758e-05,0,4.63041565697881e-05,0,0,0,5.27916637901978e-05,5.07620655084455e-05,4.21643566622695e-05
"CASSLELGGLYEQYF",0,8.69398897602198e-06,0,0,0,0,0,0,0,0
"CASSLELGGTETLYF",0,1.7387977952044e-05,0,0,0,0,0,0,0,0
"CASSLEQNQDTQYF",0,4.34699448801099e-05,0,0,0,3.90005460076441e-05,0.000253774901662226,1.62435888585224e-05,0,1.80704385695441e-05
"CASSLETGNNQAPLF",0,0,1.21821969373957e-05,0,0,0,0,0,0,0
"CASSLFAGYEQYF",0,0,0,0,0,0,0,0,3.80715491313342e-05,0
"CASSLGDSDYTF",0.000144681158896083,3.47759559040879e-05,0,6.17388754263841e-05,0,2.60003640050961e-05,0,2.0304486073153e-05,1.26905163771114e-05,7.22817542781763e-05
"CASSLGDWASQNTLYF",0,0,0,0,0,0,0,0,0,1.20469590463627e-05
"CASSLGGAKDTQYF",0,0,0,0,0,0,0,8.1217944292612e-06,0,1.20469590463627e-05
"CASSLGGASNERLFF",0,8.69398897602198e-06,0,0,0,0,0,0,0,3.01173976159068e-05
"CASSLGGGRQDTQYF",0,0,0,3.08694377131921e-05,0,0,0,0,0,0
"CASSLGGRDEQYF",0,3.47759559040879e-05,0,4.63041565697881e-05,0,0,0,1.62435888585224e-05,8.88336146397797e-05,1.80704385695441e-05
"CASSLGGRDTQYF",0.000144681158896083,0.000182573768496462,0.000219279544873122,0,0.0001999800019998,0,0,6.49743554340896e-05,5.07620655084455e-05,6.6258274754995e-05
"CASSLGLGGYAEQFF",0.000126596014034072,5.21639338561319e-05,0,0,0,0.000182002548035672,0,2.84262805024142e-05,0,0.000144563508556353
"CASSLGQANSDYTF",0,3.47759559040879e-05,3.65465908121871e-05,3.08694377131921e-05,0,6.50009100127402e-05,0,6.0913458219459e-05,3.80715491313341e-05,7.83052338013577e-05
"CASSLGQFYAEQFF",0,1.7387977952044e-05,0,0,0,0,0,4.46698693609366e-05,0,2.40939180927254e-05
"CASSLGQGEQYF",1.80851448620103e-05,3.47759559040879e-05,0,4.63041565697881e-05,0,3.90005460076441e-05,0,5.68525610048284e-05,5.07620655084455e-05,3.01173976159068e-05
"CASSLGQYSNERLFF",0,0,0,0,0,0,0,0,2.53810327542228e-05,0
"CASSLGTGGKAEQFF",0,8.69398897602198e-06,0,0,0,0,0,0,0,0
"CASSLGTGNQDTQYF",0,0,0,0,0,0,0,0,0,1.20469590463627e-05
"CASSLGTGQNTLYF",0,3.47759559040879e-05,0,6.17388754263841e-05,0,2.60003640050961e-05,0,2.84262805024142e-05,5.07620655084455e-05,4.81878361854509e-05
"CASSLGTSSNERLFF",5.4255434586031e-05,0,0,0,0,0,0,0,0,0
"CASSLGVAETLYF",0,8.69398897602198e-06,0,0,0,0,0,4.0608972146306e-06,0,0
"CASSLGYAEQFF",1.80851448620103e-05,7.82459007841978e-05,3.65465908121871e-05,0,0.0003999600039996,0.000182002548035673,0,7.30961498633508e-05,6.34525818855569e-05,0.000114446110940446
"CASSLLGAQDTQYF",0,0,0,1.5434718856596e-05,0,0,0,5.68525610048284e-05,0,3.01173976159068e-05
"CASSLLGGNTEVFF",0,0,0,0,0,0,0,4.0608972146306e-06,1.26905163771114e-05,0
"CASSLLGYQDTQYF",0,8.69398897602198e-06,0,4.63041565697881e-05,0,0,0,0,0,1.20469590463627e-05
"CASSLNWGQDTQYF",0,1.7387977952044e-05,0,0,0,0,0,8.1217944292612e-06,1.26905163771114e-05,0
"CASSLPGSNERLFF",0,2.60819669280659e-05,0,1.5434718856596e-05,0,0,0,0,2.53810327542228e-05,1.20469590463627e-05
"CASSLRDRDSDYTF",0,0,0,4.63041565697881e-05,0.0001999800019998,0,0,0,3.80715491313342e-05,0
"CASSLRGTGQLYF",0,0,8.52753785617698e-05,0,0,0,0,3.24871777170448e-05,0,1.20469590463627e-05
"CASSLRTGEVFF",3.61702897240207e-05,0,0,0,0,0,0,1.21826916438918e-05,0,0
"CASSLRWGGNYAEQFF",0,0,0,0,0,0,0,0,0,1.20469590463627e-05
"CASSLSGTANERLFF",5.4255434586031e-05,0,0,0,0,0,0,4.0608972146306e-06,0,0
"CASSLSLGGYAEQFF",0,5.21639338561319e-05,0,3.08694377131921e-05,0,0,0,8.1217944292612e-06,0,0
"CASSLSNNYAEQFF",0,0,0,0,0,0,0,2.0304486073153e-05,2.53810327542228e-05,2.40939180927254e-05
"CASSLSQGTAYAEQFF",0,1.7387977952044e-05,0,0,0,0,0,0,0,0
"CASSLSRGGTEVFF",3.61702897240207e-05,2.60819669280659e-05,0,0,0,0,0,0,0,0
"CASSLSTGGNYAEQFF",0,0,3.65465908121871e-05,0,0,0,0,0,0,0
"CASSLTDTQYF",1.80851448620103e-05,2.60819669280659e-05,0,4.63041565697881e-05,0,5.20007280101921e-05,0,3.65480749316754e-05,6.34525818855569e-05,1.20469590463627e-05
"CASSLTYEQYF",0,6.95519118081758e-05,0.000194915150998331,4.63041565697881e-05,9.99900009999e-05,0,0,5.27916637901978e-05,0,3.01173976159068e-05
"CASSLVGSGNTLYF",5.4255434586031e-05,4.34699448801099e-05,0.000146186363248748,1.5434718856596e-05,0,0,0,3.24871777170448e-05,0.000101524131016891,6.6258274754995e-05
"CASSLVNTEVFF",5.4255434586031e-05,1.7387977952044e-05,0,3.08694377131921e-05,0,2.60003640050961e-05,0,2.0304486073153e-05,0.000114214647394002,5.42113157086323e-05
"CASSLWDNYEQYF",0,0,0,0,0,0,0,0,0,6.02347952318136e-06
"CASSLWGASQNTLYF",0,1.7387977952044e-05,0,1.5434718856596e-05,0,0,0,4.0608972146306e-06,0,2.40939180927254e-05
"CASSLWGGNQDTQYF",1.80851448620103e-05,0,0,3.08694377131921e-05,0,0,0,8.1217944292612e-06,0,2.40939180927254e-05
"CASSLYRGYEQYF",0,0,0,0,0,7.80010920152882e-05,0,1.62435888585224e-05,0,0
"CASSMGGEQYF",0,0,0,0,0,5.20007280101921e-05,0,0,0,0
"CASSMTGNQDTQYF",0,0,0,7.71735942829801e-05,0,0,0,0,0,0
"CASSPATGQLYF",0,0,0,0,0,2.60003640050961e-05,0,8.1217944292612e-06,0,1.80704385695441e-05
"CASSPDRNTGQLYF",3.61702897240207e-05,2.60819669280659e-05,0,1.5434718856596e-05,9.99900009999e-05,0,0,6.49743554340896e-05,0.000101524131016891,2.40939180927254e-05
"CASSPDSSYEQYF",9.04257243100517e-05,0.000156491801568396,0,0.000169781907422556,0,2.60003640050961e-05,0.000507549803324451,0.000105583327580396,0.000164976712902448,0.00013251654950999
"CASSPDWGSQNTLYF",5.4255434586031e-05,0.000147797812592374,0,0.000200651345135748,0,0,0,5.68525610048284e-05,8.88336146397797e-05,0.00013251654950999
"CASSPEGNQDTQYF",0,0,0,0,0,0,0,8.1217944292612e-06,0,0
"CASSPGGERLFF",0,0,0,0,0,0,0,0,0,1.20469590463627e-05
"CASSPGHLQNTLYF",7.23405794480414e-05,0,0,0,0,0,0,0,0,0
"CASSPGHNQAPLF",1.80851448620103e-05,2.60819669280659e-05,0,0.000108043031996172,0,1.3000182002548e-05,0,1.21826916438918e-05,0,0
"CASSPGHQAPLF",0,7.82459007841978e-05,0,0,0,0,0,0,2.53810327542228e-05,6.02347952318136e-06
"CASSPGLGAEQFF",0,8.69398897602198e-06,2.43643938747914e-05,0,0,0,0,4.46698693609366e-05,8.88336146397797e-05,1.20469590463627e-05
"CASSPGLGGGAETLYF",0,0,0,0,0,5.20007280101921e-05,0,4.0608972146306e-06,2.53810327542228e-05,1.80704385695441e-05
"CASSPGLGYAEQFF",0.000144681158896083,8.69398897602198e-05,8.52753785617698e-05,3.08694377131921e-05,9.99900009999e-05,0,0,4.46698693609366e-05,6.34525818855569e-05,7.83052338013577e-05
"CASSPGLYEQYF",7.23405794480414e-05,6.08579228321538e-05,1.21821969373957e-05,4.63041565697881e-05,0,0.000104001456020384,0,1.62435888585224e-05,3.80715491313342e-05,6.02347952318136e-05
"CASSPGQFYAEQFF",5.4255434586031e-05,2.60819669280659e-05,4.87287877495828e-05,0,9.99900009999e-05,0,0,0,0,1.20469590463627e-05
"CASSPGQGGTLYF",0,0,0,0,0,0,0,1.21826916438918e-05,0,0
"CASSPGQGNYAEQFF",0,8.69398897602198e-05,0.000134004166311353,9.26083131395762e-05,0,3.90005460076441e-05,0,5.27916637901978e-05,3.80715491313341e-05,5.42113157086323e-05
"CASSPGQGWYAEQFF",0,0,0,4.63041565697881e-05,0,0,0,0,0,0
"CASSPGQYNSPLYF",0.000162766303758093,9.56338787362418e-05,0,0.00015434718856596,0.0002999700029997,2.60003640050961e-05,0,5.68525610048284e-05,7.61430982626683e-05,5.42113157086323e-05
"CASSPGRAGNTLYF",0,8.69398897602198e-06,0,0,0,0,0,0,0,1.20469590463627e-05
"CASSPGTGANERLFF",0,2.60819669280659e-05,0,0,0,0,0,3.24871777170448e-05,1.26905163771114e-05,1.20469590463627e-05
"CASSPGTGEDTQYF",0.000289362317792166,0.000147797812592374,7.30931816243741e-05,1.5434718856596e-05,0.0001999800019998,2.60003640050961e-05,0.000761324704986677,0.000142131402512071,0.000126905163771114,9.63756723709018e-05
"CASSPGTGGADTQYF",7.23405794480414e-05,8.69398897602198e-06,4.87287877495828e-05,3.08694377131921e-05,0,0.00013000182002548,0,8.1217944292612e-06,1.26905163771114e-05,0
"CASSPGTGNQAPLF",9.04257243100517e-05,7.82459007841978e-05,0.000182732954060935,0,0,0,0,4.0608972146306e-06,5.07620655084455e-05,2.40939180927254e-05
"CASSPGTGNTGQLYF",5.4255434586031e-05,0,0,6.17388754263841e-05,0,0,0,5.68525610048284e-05,1.26905163771114e-05,5.42113157086323e-05
"CASSPGTGPNSDYTF",0,0,0,0,0,0,0,0,2.53810327542228e-05,0
"CASSPGYNQAPLF",0,0,0,0,0.0001999800019998,0,0,0,0,0
"CASSPHTEVFF",3.61702897240207e-05,0,0,0,0,3.90005460076441e-05,0,3.65480749316754e-05,0,3.01173976159068e-05
"CASSPLAEQFF",9.04257243100517e-05,3.47759559040879e-05,0,4.63041565697881e-05,0,6.50009100127402e-05,0,5.27916637901978e-05,0,1.80704385695441e-05
"CASSPNTGQLYF",0.000126596014034072,6.95519118081758e-05,6.09109846869785e-05,4.63041565697881e-05,0.0001999800019998,2.60003640050961e-05,0,0.000190862169087638,5.07620655084455e-05,0.000156610467602715
"CASSPPGGNTLYF",0,0,2.43643938747914e-05,0,0,0,0,0,0,0
"CASSPPGGSSAETLYF",0,2.60819669280659e-05,0,0,0,0,0,0,0,0
"CASSPQGYQDTQYF",0,1.7387977952044e-05,0,0,0,0,0,8.1217944292612e-06,0,0
"CASSPRDRANTEVFF",3.61702897240207e-05,1.7387977952044e-05,1.21821969373957e-05,3.08694377131921e-05,0,0,0,2.84262805024142e-05,0,0
"CASSPRDWGEQYF",1.80851448620103e-05,0,0,0,0,0,0,0,0,1.20469590463627e-05
"CASSPRDYYAEQFF",0,0,0,0,0,0,0,0,0,2.40939180927254e-05
"CASSPRGSQNTLYF",1.80851448620103e-05,6.08579228321539e-05,0,7.71735942829801e-05,0.0001999800019998,0,0,6.49743554340896e-05,1.26905163771114e-05,3.61408771390882e-05
"CASSPRNTLYF",0,0,0,0,0,0,0,8.1217944292612e-06,3.80715491313342e-05,0
"CASSPRVYEQYF",0,2.60819669280659e-05,1.21821969373957e-05,0,0,0,0,4.0608972146306e-06,0,0
"CASSPSLGTSAETLYF",0,8.69398897602198e-06,0,0,0,0,0,0,0,1.20469590463627e-05
"CASSPTEVFF",0,0,0,3.08694377131921e-05,0,0,0,1.62435888585224e-05,0,1.80704385695441e-05
"CASSPTGEEQYF",0,1.7387977952044e-05,0,0,0,0.000117001638022932,0,0,7.61430982626683e-05,0
"CASSPTRGNYAEQFF",1.80851448620103e-05,0,0,0,0,0,0,0,0,0
"CASSQAGGDDTQYF",0,0,0,0,0,0,0,1.21826916438918e-05,0,0
"CASSQDLGAETLYF",0,0,0,1.5434718856596e-05,0,0,0,8.1217944292612e-06,0,6.02347952318136e-06
"CASSQDLGFQDTQYF",0,0,0,1.5434718856596e-05,0,0,0,0,0,0
"CASSQDWGANYAEQFF",0,0,0,1.5434718856596e-05,0,0,0,8.1217944292612e-06,0.000101524131016891,0
"CASSQDWGSAETLYF",0,4.34699448801099e-05,0,1.5434718856596e-05,0,6.50009100127402e-05,0,2.84262805024142e-05,5.07620655084455e-05,6.6258274754995e-05
"CASSQEDWGGAGYF",0,2.60819669280659e-05,0,0,0,0,0,0,0,0
"CASSQERANYAEQFF",0,1.7387977952044e-05,0,0,0,0,0,0,0,0
"CASSQGLGDTQYF",0,5.21639338561319e-05,0,0,0,0,0.000253774901662226,1.21826916438918e-05,2.53810327542228e-05,0
"CASSQNYAEQFF",5.4255434586031e-05,1.7387977952044e-05,0,0,0,1.3000182002548e-05,0,2.0304486073153e-05,2.53810327542228e-05,6.6258274754995e-05
"CASSQSSAETLYF",5.4255434586031e-05,0,0,0,0,3.90005460076441e-05,0,2.0304486073153e-05,0,0
"CASSQTGGDSDYTF",0,2.60819669280659e-05,0,4.63041565697881e-05,0,0,0,0,8.88336146397797e-05,6.02347952318136e-06
"CASSRDATEVFF",0,0,0,0,0,0,0,0,0,6.02347952318136e-06
"CASSRDERLFF",0,0,0,0,0,0,0,8.1217944292612e-06,2.53810327542228e-05,0
"CASSRDGYEQYF",1.80851448620103e-05,1.7387977952044e-05,0,9.26083131395762e-05,0.0002999700029997,0,0.000126887450831113,2.84262805024142e-05,0,0
"CASSRDRGNTEVFF",3.61702897240207e-05,6.08579228321539e-05,7.30931816243741e-05,0.00015434718856596,0,5.20007280101921e-05,0,9.34006359365038e-05,2.53810327542228e-05,0.000108422631417265
"CASSRDRGWEQYF",0,0,0,0,0,0,0,2.84262805024142e-05,0,3.01173976159068e-05
"CASSRDSQAPLF",0,0,1.21821969373957e-05,0,0,0,0,1.21826916438918e-05,0,6.02347952318136e-06
"CASSRDTSNSDYTF",0,1.7387977952044e-05,0,0,0,0,0,0,0,0
"CASSRDWGGVQDTQYF",0,0,0,0,0,0,0,1.21826916438918e-05,0,0
"CASSRDWGSAETLYF",3.61702897240207e-05,0.000113021856688286,8.52753785617698e-05,4.63041565697881e-05,9.99900009999e-05,6.50009100127402e-05,0,8.1217944292612e-06,8.88336146397797e-05,7.22817542781763e-05
"CASSRDWGSDTQYF",0,0,0,0,0,0.000104001456020384,0,0,0,0
"CASSREGNNYAEQFF",0,1.7387977952044e-05,0,0,0,0,0,0,0,0
"CASSRGGYEQYF",9.04257243100517e-05,0,0,1.5434718856596e-05,0.0004999500049995,0,0,8.1217944292612e-06,3.80715491313342e-05,3.01173976159068e-05
"CASSRGIYEQYF",0,0,0,0,9.99900009999e-05,0,0,2.84262805024142e-05,0,0
"CASSRGQGREQYF",0,0,0,0,0,0,0,8.1217944292612e-06,0,0
"CASSRGRANSDYTF",0,0,6.09109846869785e-05,0,0,9.10012740178362e-05,0,0,0,1.20469590463627e-05
"CASSRGTGGYAEQFF",1.80851448620103e-05,4.34699448801099e-05,0,4.63041565697881e-05,0.0001999800019998,0,0,8.1217944292612e-06,0,1.20469590463627e-05
"CASSRLGGLAEQFF",0,0,0,0,0,5.20007280101921e-05,0,1.62435888585224e-05,0,0
"CASSRREDTQYF",5.4255434586031e-05,2.60819669280659e-05,0,7.71735942829801e-05,0,0,0,8.1217944292612e-06,3.80715491313342e-05,0
"CASSRTGGAREQYF",5.4255434586031e-05,6.95519118081758e-05,0,0.000108043031996172,0,0,0,4.87307665755672e-05,7.61430982626683e-05,5.42113157086323e-05
"CASSRTGGGERLFF",0,1.7387977952044e-05,0,0,0,0,0,8.1217944292612e-06,0,1.20469590463627e-05
"CASSRTGGNSDYTF",0,1.7387977952044e-05,0,1.5434718856596e-05,0,5.20007280101921e-05,0,8.1217944292612e-06,3.80715491313342e-05,2.40939180927254e-05
"CASSRTGGYEQYF",7.23405794480414e-05,0.000156491801568396,2.43643938747914e-05,9.26083131395762e-05,0.0005999400059994,2.60003640050961e-05,0.000253774901662226,0.000158374991370593,0.00027919136029645,0.000180704385695441
"CASSRVSNERLFF",0,0,0,0,0,0,0,4.0608972146306e-06,0,2.40939180927254e-05
"CASSSANTGQLYF",0,8.69398897602198e-06,0,0,0,0,0,0,3.80715491313341e-05,1.20469590463627e-05
"CASSSDRASAETLYF",0,0,4.87287877495828e-05,0,0,0,0,8.1217944292612e-06,0,0
"CASSSDSHYAEQFF",0,0,0,0,0,0,0,4.0608972146306e-06,0,0
"CASSSDWGPYAEQFF",0,0,0,0,0,0,0,0,0,1.80704385695441e-05
"CASSSGGAQDTQYF",3.61702897240207e-05,0,0,0,0,0,0,8.1217944292612e-06,2.53810327542228e-05,6.02347952318136e-05
"CASSSGGRDTEVFF",1.80851448620103e-05,0,0,0,0,0,0,0,0,0
"CASSSGGVQDTQYF",0,8.69398897602198e-06,0,0,0,0,0,0,0,0
"CASSSGLGGAYEQYF",0,0,0,0,0,0,0,8.1217944292612e-06,0,0
"CASSSGLGHYAEQFF",0,0,0,0,0,0,0,1.62435888585224e-05,0,0
"CASSSGQDEQYF",0,0,0,0,0,0,0,0,0,1.80704385695441e-05
"CASSSGQNEQYF",0,0,0,3.08694377131921e-05,0,0,0,8.1217944292612e-06,0,0
"CASSSGRDRNTEVFF",0,0,0,0,0,0,0,0,0,1.20469590463627e-05
"CASSSGSNTEVFF",0,2.60819669280659e-05,0,1.5434718856596e-05,0,6.50009100127402e-05,0,1.62435888585224e-05,0,1.80704385695441e-05
"CASSSGTANTEVFF",5.4255434586031e-05,6.95519118081758e-05,0,4.63041565697881e-05,0,6.50009100127402e-05,0,0.000113705122009657,8.88336146397797e-05,0.000162633947125897
"CASSSGTGDSDYTF",9.04257243100517e-05,6.08579228321539e-05,0,0,0,0.000143002002028028,0,5.27916637901978e-05,3.80715491313342e-05,2.40939180927254e-05
"CASSSGTGDTEVFF",0,4.34699448801099e-05,0,0,0,0,0.000253774901662226,2.0304486073153e-05,0,0
"CASSSGTGDTQYF",0,4.34699448801099e-05,4.87287877495828e-05,0,0,0,0,0.000113705122009657,1.26905163771114e-05,0.000120469590463627
"CASSSGTGGGNTLYF",0,0,0,0,0,0,0.000253774901662226,0,1.26905163771114e-05,1.20469590463627e-05
"CASSSGTGGYAEQFF",0.000198936593482114,3.47759559040879e-05,2.43643938747914e-05,3.08694377131921e-05,0,0.000182002548035672,0.000253774901662226,0.000113705122009657,8.88336146397797e-05,7.22817542781763e-05
"CASSSGVDTQYF",0,1.7387977952044e-05,0,4.63041565697881e-05,0,0.000143002002028028,0,8.1217944292612e-06,8.88336146397797e-05,2.40939180927254e-05
"CASSSLDWGGYAEQFF",0,0,0,0,0,0,0,0,0,1.20469590463627e-05
"CASSSNQDTQYF",0.000108510869172062,8.69398897602198e-06,0,4.63041565697881e-05,0.0002999700029997,0,0.000253774901662226,4.87307665755672e-05,0,0.000102399151894083
"CASSSRDRGLAEQFF",0,0,0,0,0,0,0,8.1217944292612e-06,0,0
"CASSSSQNTLYF",0.000180851448620103,0.000304289614160769,0.000194915150998331,0.00015434718856596,0,6.50009100127402e-05,0,0.000154314094155963,0.000152286196525337,0.000192751344741804
"CASSSTGGAEQFF",0,8.69398897602198e-06,0,0,0,5.20007280101921e-05,0,8.1217944292612e-06,0,2.40939180927254e-05
"CASSSTGGDQDTQYF",0,0,0,0,0,0,0,2.0304486073153e-05,5.07620655084455e-05,3.61408771390882e-05
"CASSSTTNSDYTF",7.23405794480414e-05,6.08579228321539e-05,0,0,0,0,0,5.27916637901978e-05,0,1.20469590463627e-05
"CASSTDNANSDYTF",0,0,0,0,0,0,0,1.21826916438918e-05,0,0
"CASSTGGANYAEQFF",0,0,0,0,0,0,0,0,0,1.20469590463627e-05
"CASSTGHAEQFF",0,5.21639338561319e-05,0,0,0,0,0,0,0,0
"CASSTGIAEQFF",0,0,0,0,0,0,0,0,0,1.20469590463627e-05
"CASSTPGVNQDTQYF",0,2.60819669280659e-05,0,0,0,0,0,0,0,0
"CASSVGGEQYF",0,2.60819669280659e-05,2.43643938747914e-05,4.63041565697881e-05,0,0,0,0,0,6.02347952318136e-06
"CASSVRGANTEVFF",0,0,0,0,0,0,0,0,3.80715491313342e-05,0
"CASSWDFYAEQFF",1.80851448620103e-05,0,0,0,0,0,0,0,0,0
"CASSWDRAGNTLYF",0,0,0,0,0,0,0,4.0608972146306e-06,0,1.20469590463627e-05
"CASSWDWGGQDTQYF",0,0,0,0,0,3.90005460076441e-05,0,3.65480749316754e-05,0,0
"CASSWDYAEQFF",0,1.7387977952044e-05,0,0,0,0,0,0,0,0
"CASSWTGANTEVFF",0,0,0,3.08694377131921e-05,0.0001999800019998,0,0,0,0,1.20469590463627e-05
"CASSWTGENTEVFF",0,8.69398897602198e-06,0,0,0,0,0,0,3.80715491313342e-05,1.20469590463627e-05
"CASSWTGGALEQYF",0,0,3.65465908121871e-05,0,0,0,0,0,0,1.20469590463627e-05
"CASSWTGGNTEVFF",0,8.69398897602198e-06,0,0,0,0,0,0,2.53810327542228e-05,1.20469590463627e-05
"CASSYGGVQDTQYF",0,4.34699448801099e-05,0,0,0,0,0,4.0608972146306e-06,0,0
"CASSYRDQAPLF",0,8.69398897602198e-06,0,0,0,0,0,0,6.34525818855569e-05,0
"CASSYRGEVFF",0,0,0,1.5434718856596e-05,0,0,0,0,0,0
"CASSYWGNTGQLYF",0,0,0,0,0,0,0,4.0608972146306e-06,0,0
"CASTDRDEQYF",0,2.60819669280659e-05,4.87287877495828e-05,0,0,0,0,0,0,0
"CASTPGQGKDTQYF",0,0,0,0,0,0,0,0,0,1.20469590463627e-05
"CAWRDWGNYAEQFF",0,6.95519118081758e-05,0,0,0,0,0,1.62435888585224e-05,0,0
"CAWSHRGSAETLYF",0,0,0,0,0,0,0,4.0608972146306e-06,0,0
"CAWSLGRPSYNSPLYF",0,0,0,0,0,0,0,8.1217944292612e-06,0,0
"CAWSLGRQNTLYF",0,0,0,0,0,0,0,0,0,1.20469590463627e-05
"CAWSLGSYAEQFF",0,0,0,0,0,0,0,2.0304486073153e-05,0,0
"CAWSLVWEDTQYF",0,0,0,0,0,0,0,0,1.26905163771114e-05,0
"CAWTGGALEQYF",0,0,0,3.08694377131921e-05,0,0,0,0,2.53810327542228e-05,0
"CGARDRGSSYEQYF",7.23405794480414e-05,1.7387977952044e-05,0,0,0,0,0,8.1217944292612e-06,0,0
"CGARGGTEVFF",0,8.69398897602198e-06,0,0,0,0,0,0,0,0
"CSADGGIYEQYF",0,0,6.09109846869785e-05,0,0,0,0,0,0,0
"CSADRDERLFF",1.80851448620103e-05,0,0,1.5434718856596e-05,0,0,0,0,6.34525818855569e-05,0
"CSADRDWGNYAEQFF",0,0,0,0,0,0,0,1.62435888585224e-05,0,1.20469590463627e-05
"CSADRINQDTQYF",0,0,0,0,0,0,0,0,0,3.01173976159068e-05
"CSAESYEQYF",0,2.60819669280659e-05,0,0,0,0,0,0,0,0
"CSAGNSDYTF",7.23405794480414e-05,0,0,0,0,0,0,2.0304486073153e-05,0,5.42113157086323e-05
"CSAGQGPYEQYF",0,8.69398897602198e-06,0,0,0,0,0,0,1.26905163771114e-05,0
"CSAGTANERLFF",3.61702897240207e-05,0,0,0,0,0,0,0,0,0
"CSALGVNYAEQFF",0,8.69398897602198e-05,0,1.5434718856596e-05,0,0,0,0,2.53810327542228e-05,0
"CSAQGARNSPLYF",0,0,0,0,0,0,0,0,1.26905163771114e-05,0
"CSARLGSQNTLYF",0,8.69398897602198e-06,0,0,0,0,0,0,0,0
"CSATGGAYAEQFF",0,4.34699448801099e-05,0,0,0,0,0,3.24871777170448e-05,3.80715491313342e-05,0
"CSGDWGEDTQYF",3.61702897240207e-05,0,2.43643938747914e-05,4.63041565697881e-05,0,0,0,4.87307665755672e-05,0,3.01173976159068e-05
"CSSSQRTGASAETLYF",0,0,0,0,0,0,0,0,0,1.20469590463627e-05
