"","LCMV40.M1","LCMV40.M2","LCMV40.M3","LCMV8.M1","LCMV8.M2","LCMV8.M3","LCMV8.M4","PBS.M1","PBS.M2","PBS.M3","set","epitope","id"
"CASGAGNANTEVFF",0,0,0,0.000159857000646694,0,0.000947982881238593,0,0,0,0,"day8","NP396","CASGAGNANTEVFF"
"CASGDALASAETLYF",0,0,0,0,0,3.93353892630121e-06,0,0,0,0,"day8","NP396","CASGDALASAETLYF"
"CASGDAWGGETLYF",0,0,0,6.83025366399512e-05,4.27053558210247e-06,0,0,0,0,0,"day8","NP396","CASGDAWGGETLYF"
"CASGDAWGNQDTQYF",0,0,0,0,0,0,9.1546588058663e-06,0,0,0,"day8","NP396","CASGDAWGNQDTQYF"
"CASGDAWGSQNTLYF",0,0,0,0,5.69404744280329e-06,0,0,0,0,0,"day8","NP396","CASGDAWGSQNTLYF"
"CASGDGGGANSDYTF",0,0,0,0,0,0,0.000189196281987904,0,0,0,"day8","NP396","CASGDGGGANSDYTF"
"CASGDGLNTEVFF",0,0,0,0,0,2.36012335578073e-06,0.000292949081787722,0,0,0,"day8","NP396","CASGDGLNTEVFF"
"CASGDGLSNERLFF",0,0,0,0.00109865356808092,4.27053558210247e-06,7.86707785260243e-07,0,0,0,0,"day8","NP396","CASGDGLSNERLFF"
"CASGDGNANSDYTF",0,0,0,0.00234989790950641,0.0001736684470055,0.000131380200138461,0.00161427150276776,0,0,0,"day8","NP396","CASGDGNANSDYTF"
"CASGDRAGASAETLYF",0,0,0,0,0.00232317135666374,0,0,0,0,0,"day8","NP396","CASGDRAGASAETLYF"
"CASGDRDRGNYAEQFF",0,0.00014591501402053,0.000113354816770035,8.71947276254696e-06,5.69404744280329e-06,0,0.000125113670346839,0,0,0,"day8","NP396","CASGDRDRGNYAEQFF"
"CASGDRDWESQNTLYF",0,0,0,0,0,0.000462584177733023,0,0,0,0,"day8","NP396","CASGDRDWESQNTLYF"
"CASGDRGEDSGNTLYF",0,0,0,1.16259636833959e-05,4.27053558210247e-06,0,0,0,0,0,"day8","NP396","CASGDRGEDSGNTLYF"
"CASGDRGTDSGNTLYF",0,0,0,2.90649092084899e-06,0,0,0,0,0,0,"day8","NP396","CASGDRGTDSGNTLYF"
"CASGDRQGANYAEQFF",0,0,0,4.35973638127348e-06,0,0,3.9670188158754e-05,0,0,0,"day8","NP396","CASGDRQGANYAEQFF"
"CASGDRSGGNYAEQFF",0,0,0,0,2.13526779105124e-05,0,6.10310587057754e-06,0,0,0,"day8","NP396","CASGDRSGGNYAEQFF"
"CASGDRTGGSAETLYF",0.000369087502129351,0,8.0967726264311e-05,0,7.2599104895742e-05,0.00097237082258166,6.10310587057754e-05,0,0,0,"day8","NP396","CASGDRTGGSAETLYF"
"CASGEGGSYEQYF",0,0,0,1.30792091438204e-05,0,0,0,0,0,0,"day8","NP396","CASGEGGSYEQYF"
"CASGGTNANSDYTF",0,0,0,4.50506092731593e-05,0,0,0,0,0,0,"day8","NP396","CASGGTNANSDYTF"
"CASKTGGDQDTQYF",0,0,0,0.000433067147206499,7.11755930350412e-06,0.00101721316634149,0,0,0,0,"day8","NP396","CASKTGGDQDTQYF"
"CASNRDWGDTQYF",0,0,0,0,0,0,4.57732940293315e-05,0,0.00015297069081564,0,"day8","NP396","CASNRDWGDTQYF"
"CASRDGNANTEVFF",0,0,0,4.35973638127348e-06,0,0,0,0,0,0,"day8","NP396","CASRDGNANTEVFF"
"CASRDRGLGNTLYF",0,2.53765241774834e-05,0,5.81298184169797e-06,0,0,0,0,0,0,"day8","NP396","CASRDRGLGNTLYF"
"CASRDRHSGNTLYF",0,0,0,0,0,0,0.000585898163575444,0,0,0,"day8","NP396","CASRDRHSGNTLYF"
"CASRGLGNYAEQFF",0,0,0,0.000367671101487397,4.27053558210247e-06,5.97897916797785e-05,9.1546588058663e-06,0,0,0,"day8","NP396","CASRGLGNYAEQFF"
"CASRGTNNQDTQYF",0,0,0,0.000122072618675657,0,0,0,0,0,0,"day8","NP396","CASRGTNNQDTQYF"
"CASRPGHNQDTQYF",0,0,0,0,0,2.36012335578073e-06,0,0,0,0,"day8","NP396","CASRPGHNQDTQYF"
"CASRRTGNNQDTQYF",0,0,0,0,0,9.99118887280509e-05,0,0,0,0,"day8","NP396","CASRRTGNNQDTQYF"
"CASRTGGSQNTLYF",0,0,0,0,4.27053558210247e-06,0.000737145194788848,0,0,0,0,"day8","NP396","CASRTGGSQNTLYF"
"CASRTGGYNSPLYF",0,0,0,0,7.11755930350412e-06,0,0,0,0,0,"day8","NP396","CASRTGGYNSPLYF"
"CASRTGGYQDTQYF",0,0,0,0,1.99291660498115e-05,0,0,0,0,0,"day8","NP396","CASRTGGYQDTQYF"
"CASRWGNSGNTLYF",2.83913463176424e-05,0,0,0,0,4.72024671156146e-06,0.00134878639739764,0,0,0,"day8","NP396","CASRWGNSGNTLYF"
"CASRWGNSQNTLYF",0,0,3.23870905057244e-05,0,0,0.000235225627792813,0,0,0,0,"day8","NP396","CASRWGNSQNTLYF"
"CASSAGGNYAEQFF",0,0,0,7.26622730212247e-06,0,0,0,0,0,0,"day8","NP396","CASSAGGNYAEQFF"
"CASSAGGQNTLYF",0,0,0,0,4.27053558210247e-06,3.14683114104097e-06,0,0,0,0,"day8","NP396","CASSAGGQNTLYF"
"CASSAGHNYAEQFF",0,0,0,0.0169288563684849,8.11401760599469e-05,0,0,0,0,0,"day8","NP396","CASSAGHNYAEQFF"
"CASSAGLGDEQYF",6.62464747411656e-05,1.26882620887417e-05,0,0,3.41642846568198e-05,0,0,0,0,0,"day8","NP396","CASSAGLGDEQYF"
"CASSAGNYNSPLYF",0,0,0.000178128997781484,0.000337152946818482,0.000125269043741672,0,0,0,0,0,"day8","NP396","CASSAGNYNSPLYF"
"CASSAGTGNTLYF",0,0,0,2.90649092084899e-06,0,0,0,2.65794859527417e-05,0.000351832588875971,0,"day8","NP396","CASSAGTGNTLYF"
"CASSDAAETLYF",0,0,0,0,0,0,2.13608705470214e-05,0,0,0,"day8","NP396","CASSDAAETLYF"
"CASSDAGANERLFF",0,0,0,0,2.84702372140165e-06,0,0,0,0,0,"day8","NP396","CASSDAGANERLFF"
"CASSDAGDSDYTF",0,0,0,0,4.27053558210247e-06,0,0,0,0,0,"day8","NP396","CASSDAGDSDYTF"
"CASSDASEQYF",3.78551284235232e-05,0,0,1.45324546042449e-06,0,0,3.05155293528877e-06,0,0,0,"day8","NP396","CASSDASEQYF"
"CASSDGGANTEVFF",0,0,0,0,9.96458302490576e-06,0,3.05155293528877e-06,0,0,0,"day8","NP396","CASSDGGANTEVFF"
"CASSDGGGNSPLYF",0,0,0,1.59857000646694e-05,3.84348202389222e-05,0.000862231732645226,9.1546588058663e-06,0,0,0,"day8","NP396","CASSDGGGNSPLYF"
"CASSDGNANSDYTF",5.67826926352848e-05,7.61295725324502e-05,0,6.53960457191022e-05,0.00109325710901823,0.00469035181572157,0.00113212613899213,0,7.64853454078199e-05,0,"day8","NP396","CASSDGNANSDYTF"
"CASSDGNANTEVFF",0,0,0,0.000191828400776033,1.42351186070082e-06,1.10139089936434e-05,0.000424165858005139,0,0,0,"day8","NP396","CASSDGNANTEVFF"
"CASSDGNNYAEQFF",0,0,0,0,7.11755930350412e-05,0,0,0,0,0,"day8","NP396","CASSDGNNYAEQFF"
"CASSDGSYNSPLYF",0,0,0,0,1.42351186070082e-05,0.000379193152495437,0.000219711811340791,0,0,0,"day8","NP396","CASSDGSYNSPLYF"
"CASSDGTGHTEVFF",0,0,0,0,0.000704638371046908,0,0,0,0,0,"day8","NP396","CASSDGTGHTEVFF"
"CASSDNSYNSPLYF",0,0,0,0,5.69404744280329e-06,0.000819749512241173,0,0,0,0,"day8","NP396","CASSDNSYNSPLYF"
"CASSDPGNTEVFF",0,0,0,0,2.84702372140165e-06,3.69752659072314e-05,0,0,4.58912072446919e-05,0,"day8","NP396","CASSDPGNTEVFF"
"CASSDRGQNTLYF",0,0,0,0,0,1.57341557052049e-06,0,0,4.58912072446919e-05,0,"day8","NP396","CASSDRGQNTLYF"
"CASSDRGRNYAEQFF",0.000179811860011735,0,0,0,1.42351186070082e-06,0,0,0,0,0,"day8","NP396","CASSDRGRNYAEQFF"
"CASSDRGSQNTLYF",0.00011356538527057,4.4408917310596e-05,0,0.000110446654992261,9.96458302490576e-05,0,0,0,0,0,"day8","NP396","CASSDRGSQNTLYF"
"CASSDRVEQYF",9.46378210588079e-06,0,8.0967726264311e-05,2.76116637480654e-05,2.84702372140165e-05,2.36012335578073e-06,0,7.9738457858225e-05,0,0,"day8","NP396","CASSDRVEQYF"
"CASSDWDSQAPLF",0,0,0,0,1.28116067463074e-05,0,0.000375341011040518,0,0,0,"day8","NP396","CASSDWDSQAPLF"
"CASSDWGANTGQLYF",9.46378210588079e-06,1.26882620887417e-05,0,0.000296462073926597,4.27053558210247e-06,0,0.000381444116911096,0,0,0,"day8","NP396","CASSDWGANTGQLYF"
"CASSDWGGGTGQLYF",0,0,0,0,0,1.02272012083832e-05,0,0,0,0,"day8","NP396","CASSDWGGGTGQLYF"
"CASSDWGNYAEQFF",8.51740389529271e-05,0,0,0,1.85056541891107e-05,0,0,7.9738457858225e-05,0,0,"day8","NP396","CASSDWGNYAEQFF"
"CASSDWGQNTLYF",6.62464747411656e-05,2.53765241774834e-05,0,0.000120619373215233,2.84702372140165e-06,6.29366228208194e-06,5.79795057704866e-05,0,0,4.92707922743398e-05,"day8","NP396","CASSDWGQNTLYF"
"CASSDWGYAEQFF",0,0,0.000210516088287209,0,0,4.72024671156146e-06,0,0,0,4.92707922743398e-05,"day8","NP396","CASSDWGYAEQFF"
"CASSEAGANTEVFF",0,0,0,1.88921909855184e-05,0,0,0,0,0,0,"day8","NP396","CASSEAGANTEVFF"
"CASSEGGGNSPLYF",0,0,6.47741810114488e-05,0.00120764697761275,2.13526779105124e-05,9.44049342312291e-06,0.00066829009282824,0,0,0,"day8","NP396","CASSEGGGNSPLYF"
"CASSEGGWNSPLYF",0,0,0,2.90649092084899e-06,0,0,0,0,0,0,"day8","NP396","CASSEGGWNSPLYF"
"CASSEGNYNSPLYF",0.000208203206329377,0,6.47741810114488e-05,0.00120038075031063,0.000649121408479575,0.000125873245641639,0.00044552672855216,0,0,0,"day8","NP396","CASSEGNYNSPLYF"
"CASSEGSYNSPLYF",0,0,0,0,2.84702372140165e-06,0,5.49279528351978e-05,0,0,0,"day8","NP396","CASSEGSYNSPLYF"
"CASSEWGGDTQYF",0,0,0,0,4.27053558210247e-06,0,0,0,0,0,"day8","NP396","CASSEWGGDTQYF"
"CASSFGGGGQDTQYF",8.51740389529271e-05,0,0,4.35973638127348e-06,1.28116067463074e-05,0,7.32372704469304e-05,0,0,0,"day8","NP396","CASSFGGGGQDTQYF"
"CASSFGGGYAEQFF",0,0,0,0,0,0,6.10310587057754e-06,0,0,0,"day8","NP396","CASSFGGGYAEQFF"
"CASSFGGLSNERLFF",0,0,0,0,0,0,6.10310587057754e-06,0,0,0,"day8","NP396","CASSFGGLSNERLFF"
"CASSFGNANSDYTF",0,0,0,0.000123525864136082,8.11401760599469e-05,0.000109352382151174,0.00115959011540973,0,0,0,"day8","NP396","CASSFGNANSDYTF"
"CASSFGNSGNTLYF",0,0,0,7.26622730212247e-06,0,0,0.00136709571500937,0,0,0,"day8","NP396","CASSFGNSGNTLYF"
"CASSFGNYAEQFF",0,0,0,0,0,0.000894486751840896,0.000100701246864529,2.65794859527417e-05,9.17824144893838e-05,0,"day8","NP396","CASSFGNYAEQFF"
"CASSFTGYEQYF",0,0,0,7.55687639420736e-05,0,1.57341557052049e-06,0,0,0,0,"day8","NP396","CASSFTGYEQYF"
"CASSFWGSSYEQYF",0,0,0,0.000140964809661176,0,0,0,0,0,0,"day8","NP396","CASSFWGSSYEQYF"
"CASSGDWGGNYAEQFF",0,6.34413104437085e-05,0,4.35973638127348e-06,0,0,0.00120536340943906,0,0,0,"day8","NP396","CASSGDWGGNYAEQFF"
"CASSGFNQDTQYF",0,0,0,0,0,6.29366228208194e-06,0,0,0,0,"day8","NP396","CASSGFNQDTQYF"
"CASSGGTGGYEQYF",0,0,0,0,0,4.72024671156146e-06,0.00161427150276776,0,0,0,"day8","NP396","CASSGGTGGYEQYF"
"CASSGYEQYF",9.46378210588079e-06,0,0,4.35973638127348e-06,0,0,0.000137319882087995,0,1.5297069081564e-05,1.97083169097359e-05,"day8","NP396","CASSGYEQYF"
"CASSHRDWGYEQYF",0.000283913463176424,1.90323931331126e-05,0,0.00150410905153935,0.00169967316167678,0,0.000524867104869668,0,0,2.95624753646039e-05,"day8","NP396","CASSHRDWGYEQYF"
"CASSHWGQDTQYF",0,0,0,0.000219440064524098,0,0,0,0,0,0.00166535277887268,"day8","NP396","CASSHWGQDTQYF"
"CASSHYAEQFF",0,0,0,0,0.00191747047636401,0,0,0,0,0,"day8","NP396","CASSHYAEQFF"
"CASSIGGNSGNTLYF",0,0,0,1.45324546042449e-06,0,0,0,0,0,0,"day8","NP396","CASSIGGNSGNTLYF"
"CASSIGGSEQYF",0,0,0,0,7.11755930350412e-06,0,7.01857175116417e-05,0,0,0,"day8","NP396","CASSIGGSEQYF"
"CASSIGGSNQAPLF",0,0,0,0,0.000307478561911378,0,0,0,0,0,"day8","NP396","CASSIGGSNQAPLF"
"CASSIGNSGNTLYF",0,0,0,0,8.54107116420494e-06,0,0,0,0,0,"day8","NP396","CASSIGNSGNTLYF"
"CASSIGNYNSPLYF",0.000397478848446993,5.70971793993377e-05,0.00014574190727576,5.95830638774042e-05,0.000197868148637414,2.9108188054629e-05,0,0,0,0,"day8","NP396","CASSIGNYNSPLYF"
"CASSIGQGNQAPLF",0,0,0,6.10363093378287e-05,0,0,0,0,0,0,"day8","NP396","CASSIGQGNQAPLF"
"CASSIGQNNQAPLF",0,0,0,0.000998379631311627,4.98229151245288e-05,0,0,0,0,0,"day8","NP396","CASSIGQNNQAPLF"
"CASSIGQNSYNSPLYF",0,0,0,0,0,0,1.52577646764438e-05,0,0,0,"day8","NP396","CASSIGQNSYNSPLYF"
"CASSIGQSNTEVFF",0,0,0,5.81298184169797e-06,7.11755930350412e-06,1.49474479199446e-05,0,0,0,0,"day8","NP396","CASSIGQSNTEVFF"
"CASSIGTGRNYAEQFF",0,0,0,2.03454364459429e-05,0,0,0,0,0,0,"day8","NP396","CASSIGTGRNYAEQFF"
"CASSIPQGNTEVFF",0,0,0,0,2.84702372140165e-06,0,0,0,0,0,"day8","NP396","CASSIPQGNTEVFF"
"CASSIQGNYAEQFF",0.000435333976870517,0,0,0,0.000106763389552562,0,0,0,0,0,"day8","NP396","CASSIQGNYAEQFF"
"CASSISYEQYF",0,0,0,0,8.54107116420494e-06,3.93353892630121e-06,0,0,0,0,"day8","NP396","CASSISYEQYF"
"CASSLAGQYNSPLYF",0,0,0,0.000353138646883152,2.84702372140165e-06,0,0,0,0,0,"day8","NP396","CASSLAGQYNSPLYF"
"CASSLALNQDTQYF",0,0,0,0.00043016065628565,2.84702372140165e-06,0,0,0,6.11882763262559e-05,0,"day8","NP396","CASSLALNQDTQYF"
"CASSLDDTQYF",0,0,0,0,0,0,2.44124234823101e-05,0,0,0,"day8","NP396","CASSLDDTQYF"
"CASSLDRGRTEVFF",0,0,1.61935452528622e-05,1.01727182229715e-05,0,0,0,0,0,0,"day8","NP396","CASSLDRGRTEVFF"
"CASSLGDWGGYEQYF",0,0,0,3.19714001293388e-05,0,0,0,0,0,0,"day8","NP396","CASSLGDWGGYEQYF"
"CASSLGGFNQDTQYF",0,0,0,1.45324546042449e-06,0,0,0,0,0,0,"day8","NP396","CASSLGGFNQDTQYF"
"CASSLGGVQNTLYF",0,0,0,0,7.11755930350412e-06,0,0,0,0.00015297069081564,0,"day8","NP396","CASSLGGVQNTLYF"
"CASSLGLLGGSSYEQYF",0,0,0,0,0,0,0.000256330446564257,0,0,0,"day8","NP396","CASSLGLLGGSSYEQYF"
"CASSLGNANSDYTF",0,0,0,0,1.99291660498115e-05,0,0,0,0,0,"day8","NP396","CASSLGNANSDYTF"
"CASSLGQNNQAPLF",0,0,0,0,0,3.14683114104097e-06,1.22062117411551e-05,0,0,0,"day8","NP396","CASSLGQNNQAPLF"
"CASSLGQNNSPLYF",0,0,0,2.90649092084899e-05,0,0,0,0,0,0,"day8","NP396","CASSLGQNNSPLYF"
"CASSLGTDYAEQFF",0.00140063975167036,1.26882620887417e-05,0.000194322543034347,0.00124107162320252,4.69758914031272e-05,0.000241519290074895,0.000100701246864529,2.65794859527417e-05,0,0,"day8","NP396","CASSLGTDYAEQFF"
"CASSLGWGFSYEQYF",0,0,0,0,0,9.44049342312291e-06,0,0,0,0,"day8","NP396","CASSLGWGFSYEQYF"
"CASSLHTEVFF",0,0,0,3.48778910501878e-05,2.84702372140165e-06,0,0,0,0,0,"day8","NP396","CASSLHTEVFF"
"CASSLQGNYAEQFF",0,0,0,0,2.84702372140165e-06,0,6.10310587057754e-06,0,0.000107079483570948,0,"day8","NP396","CASSLQGNYAEQFF"
"CASSLRQGGNTLYF",0,0,0,0,0,6.29366228208194e-06,0,0,4.58912072446919e-05,0,"day8","NP396","CASSLRQGGNTLYF"
"CASSLSAETLYF",0,0,0,0,0,0,3.9670188158754e-05,0,0,0,"day8","NP396","CASSLSAETLYF"
"CASSLSGFSAETLYF",0,0.000114194358798675,1.61935452528622e-05,4.06908728918858e-05,0,0,0,0,0,0,"day8","NP396","CASSLSGFSAETLYF"
"CASSLWGGYAEQFF",4.7318910529404e-05,0,0,7.26622730212247e-06,4.27053558210247e-06,2.36012335578073e-06,3.05155293528877e-06,0,0,0.000147812376823019,"day8","NP396","CASSLWGGYAEQFF"
"CASSLWGLYAEQFF",0,0,0,0.00105941594064946,8.54107116420494e-06,0,0,0,0,0,"day8","NP396","CASSLWGLYAEQFF"
"CASSLWGNYAEQFF",9.46378210588079e-06,0,0,0,6.26345218708362e-05,0.00166467367361067,4.88248469646203e-05,0.000106317943810967,0,6.89791091840757e-05,"day8","NP396","CASSLWGNYAEQFF"
"CASSPDRANSDYTF",0,0,0,0,0,6.29366228208194e-06,0,0,0,0,"day8","NP396","CASSPDRANSDYTF"
"CASSPDRDEQYF",0,0,0,2.03454364459429e-05,0,0,0.000363134799299363,0,0,0,"day8","NP396","CASSPDRDEQYF"
"CASSPDSQNTLYF",0,0,0,0,0,4.01220970482724e-05,3.9670188158754e-05,0,0,0,"day8","NP396","CASSPDSQNTLYF"
"CASSPDWGAQDTQYF",0,0,0,4.06908728918858e-05,0,0,0,0,0,0,"day8","NP396","CASSPDWGAQDTQYF"
"CASSPDWGGTDTQYF",0,0,0,0,0,7.86707785260243e-07,0,0,6.11882763262559e-05,0,"day8","NP396","CASSPDWGGTDTQYF"
"CASSPDWGYEQYF",0.000293377245282305,1.90323931331126e-05,0.000242903178792933,0.000316807510372539,2.27761897712132e-05,0.000382339983636478,3.05155293528877e-05,0,0,0,"day8","NP396","CASSPDWGYEQYF"
"CASSPENTEVFF",0,0,0,0,0,8.65378563786267e-06,0,0,0,0,"day8","NP396","CASSPENTEVFF"
"CASSPGGANSDYTF",0,0,0,0,0,2.12411102020266e-05,2.13608705470214e-05,0,0,0,"day8","NP396","CASSPGGANSDYTF"
"CASSPGGGQDTQYF",0,4.4408917310596e-05,0,1.59857000646694e-05,4.8399403263828e-05,0.000123513122285858,0.00241072681887813,0,0,0,"day8","NP396","CASSPGGGQDTQYF"
"CASSPGGGQNTLYF",0.000454261541082278,4.4408917310596e-05,0,0.000340059437739331,0,5.03492982566555e-05,0,0,0,0,"day8","NP396","CASSPGGGQNTLYF"
"CASSPGGNYAEQFF",0.000397478848446993,4.4408917310596e-05,0,0.00140819485115133,5.12464269852296e-05,0,2.74639764175989e-05,0.00353507163171464,6.11882763262559e-05,0,"day8","NP396","CASSPGGNYAEQFF"
"CASSPGGRQDTQYF",1.89275642117616e-05,0,0,1.74389455250939e-05,0.000106763389552562,5.90030838945182e-05,6.10310587057754e-06,0,0,0,"day8","NP396","CASSPGGRQDTQYF"
"CASSPGGRQNTLYF",0,0,0,4.65038547335838e-05,1.28116067463074e-05,0.000868525394927308,0.00019835094079377,0,0,0,"day8","NP396","CASSPGGRQNTLYF"
"CASSPGGTQDTQYF",0,0,0,0,4.55523795424264e-05,0,0,0,0,0,"day8","NP396","CASSPGGTQDTQYF"
"CASSPGHSNERLFF",0,0,0,0,5.40934507066313e-05,0,0,0,0,0,"day8","NP396","CASSPGHSNERLFF"
"CASSPGISQNTLYF",0,0,0,0,3.41642846568198e-05,0,0,0,0,0,"day8","NP396","CASSPGISQNTLYF"
"CASSPGQANTEVFF",0,0,4.85806357585866e-05,0,2.84702372140165e-06,0,9.1546588058663e-06,0,6.11882763262559e-05,0,"day8","NP396","CASSPGQANTEVFF"
"CASSPGQGNSDYTF",1.89275642117616e-05,0,0,0.000116259636833959,1.70821423284099e-05,9.44049342312291e-06,6.10310587057754e-06,0,6.11882763262559e-05,1.97083169097359e-05,"day8","NP396","CASSPGQGNSDYTF"
"CASSPGQSNTEVFF",4.7318910529404e-05,0,0,5.81298184169797e-06,4.8399403263828e-05,1.02272012083832e-05,0,0,0,0,"day8","NP396","CASSPGQSNTEVFF"
"CASSPGQYEQYF",0.000132492949482331,0,6.47741810114488e-05,0.000107540164071412,2.98937490747173e-05,9.44049342312291e-06,9.1546588058663e-06,0,0,0,"day8","NP396","CASSPGQYEQYF"
"CASSPGTGGREQYF",0,0,0,2.90649092084899e-06,0,6.29366228208194e-06,4.57732940293315e-05,0,0,0,"day8","NP396","CASSPGTGGREQYF"
"CASSPGTGQLYF",0,0,0,0,2.84702372140165e-06,1.57341557052049e-06,0,0,0,0,"day8","NP396","CASSPGTGQLYF"
"CASSPGTGTEVFF",0,0,0,1.59857000646694e-05,0,0,0,0,0,0,"day8","NP396","CASSPGTGTEVFF"
"CASSPNNERLFF",0,0,0,2.90649092084899e-06,0,0,0,0,0,0,"day8","NP396","CASSPNNERLFF"
"CASSPPGREQYF",0,0,0,0,1.85056541891107e-05,5.66429605387375e-05,0,0,0,0,"day8","NP396","CASSPPGREQYF"
"CASSPPGTEVFF",0,0,0,0,0,7.15904084586821e-05,0,0,0,0,"day8","NP396","CASSPPGTEVFF"
"CASSPSGQNSNERLFF",0,0,0,2.90649092084899e-06,0,0,0,0,0,0,"day8","NP396","CASSPSGQNSNERLFF"
"CASSPSTGPNERLFF",0,0,0,0,0,7.86707785260243e-07,0,0,0,0,"day8","NP396","CASSPSTGPNERLFF"
"CASSQAWGVNQDTQYF",0,5.70971793993377e-05,0,0.000882119994477667,8.54107116420494e-06,0,0,0,0,0,"day8","NP396","CASSQAWGVNQDTQYF"
"CASSRAQNYAEQFF",0,0,0,0.000273210146559805,2.84702372140165e-06,0.000213197809805526,9.45981409939518e-05,0,0,0,"day8","NP396","CASSRAQNYAEQFF"
"CASSRDNYAEQFF",8.51740389529271e-05,3.80647862662251e-05,8.0967726264311e-05,0.00010027393676929,0.000818519319902973,6.68701617471206e-05,0.000100701246864529,0,0,0,"day8","NP396","CASSRDNYAEQFF"
"CASSRDWGTSAETLYF",0.000227130770541139,0,0,7.26622730212247e-06,0,0,0,0,0,0,"day8","NP396","CASSRDWGTSAETLYF"
"CASSRGGDNYAEQFF",0,0,0,0.000733888957514369,3.84348202389222e-05,4.01220970482724e-05,0,0,0,0,"day8","NP396","CASSRGGDNYAEQFF"
"CASSRGGDYAEQFF",2.83913463176424e-05,0,0,0.000116259636833959,0,0,1.52577646764438e-05,0,0,0,"day8","NP396","CASSRGGDYAEQFF"
"CASSRGGNYAEQFF",0,0,0,6.83025366399512e-05,7.40226167564428e-05,0,0,2.65794859527417e-05,0,0,"day8","NP396","CASSRGGNYAEQFF"
"CASSRGYNYAEQFF",0,0,0,0,4.27053558210247e-06,3.93353892630121e-06,0,0,0,0,"day8","NP396","CASSRGYNYAEQFF"
"CASSRLGNYAEQFF",0,0,0,0,0,0,6.10310587057754e-06,0,0,0,"day8","NP396","CASSRLGNYAEQFF"
"CASSRPGVNQDTQYF",0,0,0,0,0,3.93353892630121e-06,0,0,0,0,"day8","NP396","CASSRPGVNQDTQYF"
"CASSRTGGNERLFF",0,0,0,3.48778910501878e-05,0,0,0,0,0,0,"day8","NP396","CASSRTGGNERLFF"
"CASSRVGNYAEQFF",0,0,0,0,0,1.88809868462458e-05,0,0,0,0,"day8","NP396","CASSRVGNYAEQFF"
"CASSSGGANSDYTF",0,0,0,1.45324546042449e-06,0,0,0,0,0,0,"day8","NP396","CASSSGGANSDYTF"
"CASSSGGNYAEQFF",0.000246058334752901,3.17206552218543e-05,0,0.000591470902392769,0.000182209518169705,0.000232078796651772,0,0,0,4.92707922743398e-05,"day8","NP396","CASSSGGNYAEQFF"
"CASSSGGYQDTQYF",0,0,0,0,2.84702372140165e-06,0,0,0,0,0,"day8","NP396","CASSSGGYQDTQYF"
"CASSSGNANSDYTF",0,1.26882620887417e-05,0,0,5.69404744280329e-06,0,0,0,0,0,"day8","NP396","CASSSGNANSDYTF"
"CASSSGTNSDYTF",0,0,0,2.90649092084899e-06,0,0,0,0,0,0,"day8","NP396","CASSSGTNSDYTF"
"CASSSQGSYEQYF",0,0,0,0,0,2.36012335578073e-06,0,0,0,0,"day8","NP396","CASSSQGSYEQYF"
"CASSSRDRASAETLYF",0,0,0,0,8.96812472241519e-05,0,0,0,0,0,"day8","NP396","CASSSRDRASAETLYF"
"CASSSRDWGNQDTQYF",0,0,0,0,2.84702372140165e-06,0,0,0,0,0,"day8","NP396","CASSSRDWGNQDTQYF"
"CASSSSYEQYF",0,0,0,7.26622730212247e-06,0.000361572012618009,0.000220278179872868,0,5.31589719054833e-05,0,0.000354749704375246,"day8","NP396","CASSSSYEQYF"
"CASSSTAYEQYF",0,0,0,0,0,8.96846875196677e-05,0,0,9.17824144893838e-05,0,"day8","NP396","CASSSTAYEQYF"
"CASSSWGYQDTQYF",0,1.90323931331126e-05,0,0,6.12110100101354e-05,0,0,7.9738457858225e-05,0,0,"day8","NP396","CASSSWGYQDTQYF"
"CASSSYAEQFF",0,0,0,0,0,1.57341557052049e-06,0,0,0.000244753105305024,0,"day8","NP396","CASSSYAEQFF"
"CASSTGGANSDYTF",0.00012302916737645,6.34413104437085e-06,0,0,0,2.36012335578073e-06,0,0,0,0,"day8","NP396","CASSTGGANSDYTF"
"CASSTGGQDTQYF",0,0,6.47741810114488e-05,2.47051728272164e-05,0,0,0,0,0,0,"day8","NP396","CASSTGGQDTQYF"
"CASSTGGSQNTLYF",0,0,0,7.26622730212247e-06,0.000163703863980595,1.57341557052049e-06,0,0,0,0,"day8","NP396","CASSTGGSQNTLYF"
"CASSTGQDTQYF",0,0,0,0,0,0.000538108125118006,3.05155293528877e-06,0,0.000107079483570948,0,"day8","NP396","CASSTGQDTQYF"
"CASSTGSYNSPLYF",0,0,0,0,2.84702372140165e-06,0,0,0,0,0,"day8","NP396","CASSTGSYNSPLYF"
"CASSTPGLNQDTQYF",0,0,0,0,0.000960870505973056,0,0,0,0,0,"day8","NP396","CASSTPGLNQDTQYF"
"CASSVGNANSDYTF",0,0,0,2.90649092084899e-06,9.96458302490576e-06,3.14683114104097e-06,0,0,0,0,"day8","NP396","CASSVGNANSDYTF"
"CASSVGNYNSPLYF",0,0,0,2.90649092084899e-06,1.13880948856066e-05,0,0,0,0,0,"day8","NP396","CASSVGNYNSPLYF"
"CASSVGQGNTEVFF",7.57102568470463e-05,0,0,1.45324546042449e-05,0,2.36012335578073e-06,0,0,0,0,"day8","NP396","CASSVGQGNTEVFF"
"CASSVGQYEQYF",0,0,0,0,0.00147048775210395,0,0,0,0,0,"day8","NP396","CASSVGQYEQYF"
"CASSWDNSQNTLYF",4.7318910529404e-05,6.34413104437085e-06,0,0.000579844938709373,4.27053558210247e-06,0,0,0,0,0,"day8","NP396","CASSWDNSQNTLYF"
"CASSYQGANSDYTF",2.83913463176424e-05,0,0,0.000167123227948817,5.26699388459305e-05,1.02272012083832e-05,3.35670822881765e-05,0,0,0,"day8","NP396","CASSYQGANSDYTF"
"CASSYRDWGYEQYF",0,0,0,2.32519273667919e-05,0,0,2.13608705470214e-05,0,0,0,"day8","NP396","CASSYRDWGYEQYF"
"CASSYREGTGQLYF",0,0,0,3.92376274314613e-05,0,0,0,0,0,0,"day8","NP396","CASSYREGTGQLYF"
"CASSYWGGQDTQYF",0,0,0,6.10363093378287e-05,0,0,0,0,0,0,"day8","NP396","CASSYWGGQDTQYF"
"CASTPGGGQNTLYF",0,0,0,0,0,5.1922713827176e-05,0,0,0,0,"day8","NP396","CASTPGGGQNTLYF"
"CASTPGGNQDTQYF",0,8.24737035768211e-05,0,0.000373484083329095,9.96458302490576e-06,0,0,0,0,0,"day8","NP396","CASTPGGNQDTQYF"
"CASTPGGSQNTLYF",0,0,0,1.45324546042449e-05,0,7.08037006734219e-06,0,0,0,0,"day8","NP396","CASTPGGSQNTLYF"
"CASTQGNSGNTLYF",0,0,0,5.81298184169797e-05,2.84702372140165e-06,0,0,0,0,0,"day8","NP396","CASTQGNSGNTLYF"
"CASTTGGYQDTQYF",0,0,0,0,0.000150892257234287,0,0,0,0,0,"day8","NP396","CASTTGGYQDTQYF"
"CAWRLRDWENQDTQYF",0,0,0,8.71947276254696e-06,0,0,0,0,0,0,"day8","NP396","CAWRLRDWENQDTQYF"
"CAWSLRDRGNQDTQYF",0,0,0,2.90649092084899e-06,0,2.36012335578073e-06,0,0,0,0,"day8","NP396","CAWSLRDRGNQDTQYF"
"CAWSLRDWENQDTQYF",0,0,0,0.000117712882294384,0,1.57341557052049e-06,0,0,0,0,"day8","NP396","CAWSLRDWENQDTQYF"
"CAWSLRDWGSAETLYF",0,0,0,0,0.000802860689435264,0,0,0,0,0,"day8","NP396","CAWSLRDWGSAETLYF"
"CAWSRDSNYAEQFF",0,0,0,0,1.42351186070082e-06,0,0,0,0,0,"day8","NP396","CAWSRDSNYAEQFF"
"CGAPRDNANSDYTF",0,0,0,0,7.11755930350412e-06,0,0,0,0,0,"day8","NP396","CGAPRDNANSDYTF"
"CGARDNANSDYTF",0,0,0,0.000111899900452686,0,0,0,0,0,0,"day8","NP396","CGARDNANSDYTF"
"CGARDQDRGNERLFF",0,0,0,5.81298184169797e-06,0,0,0,0,0,0,"day8","NP396","CGARDQDRGNERLFF"
"CGARDQDTSNERLFF",0,0,0,5.81298184169797e-06,0,0,0,0,0,0,"day8","NP396","CGARDQDTSNERLFF"
"CGARDQQFSNERLFF",0,0,0,0,7.97166641992461e-05,3.93353892630121e-06,0,0,0,0,"day8","NP396","CGARDQQFSNERLFF"
"CGARDRDKSNERLFF",0,0,0,0,4.27053558210247e-06,0,0,0,0,0,"day8","NP396","CGARDRDKSNERLFF"
"CGARDRDNSNERLFF",0.000208203206329377,5.70971793993377e-05,0,4.35973638127348e-05,0.000288972907722267,7.08037006734219e-05,0.000234969576017235,0,0,0,"day8","NP396","CGARDRDNSNERLFF"
"CGARDRDNSNSDYTF",0,0,0,7.26622730212247e-06,0,0,0.00129690999749773,0,0,0,"day8","NP396","CGARDRDNSNSDYTF"
"CGARDRDNTNSDYTF",0,0,4.85806357585866e-05,5.81298184169797e-06,2.84702372140165e-06,0,0,0,0,0,"day8","NP396","CGARDRDNTNSDYTF"
"CGARDRDNTNTEVFF",0,0,0,0,0,1.57341557052049e-06,0,0,0,0,"day8","NP396","CGARDRDNTNTEVFF"
"CGARDRDTANSDYTF",0,0,0,2.32519273667919e-05,5.69404744280329e-06,0,0,0,0,0,"day8","NP396","CGARDRDTANSDYTF"
"CGARDRTGSNSDYTF",0,0,0,0,0,2.98948958398892e-05,0,0,0,0,"day8","NP396","CGARDRTGSNSDYTF"
"CGARDRTGSNTEVFF",0,0,9.71612715171733e-05,0,1.13880948856066e-05,1.18006167789036e-05,0,0,0,0,"day8","NP396","CGARDRTGSNTEVFF"
"CGARDRTNANSDYTF",0,3.17206552218543e-05,0,0,7.11755930350412e-06,0.000425608911825791,0,0,0,0,"day8","NP396","CGARDRTNANSDYTF"
"CGARDRTNTNSDYTF",0,0,0,0,0,2.43879413430675e-05,0,0,0,0,"day8","NP396","CGARDRTNTNSDYTF"
"CGARDSGGSYEQYF",0,0,0,0,1.99291660498115e-05,0,0,0,0,0,"day8","NP396","CGARDSGGSYEQYF"
"CGARGPGGQDTQYF",0,0,0,0.00058856441147192,1.13880948856066e-05,0,0.000228866470146658,0,0,0,"day8","NP396","CGARGPGGQDTQYF"
"CSAAQTEVFF",0,0.000215700455508609,0,0,6.26345218708362e-05,0,0,0,0,0,"day8","NP396","CSAAQTEVFF"
"CSADGGDTQYF",0,0,0,7.26622730212247e-06,0.000150892257234287,2.51746491283278e-05,1.52577646764438e-05,0,0,0,"day8","NP396","CSADGGDTQYF"
"CSADRAGGNYAEQFF",0.00011356538527057,0,0,0,0,1.49474479199446e-05,0,0,0,0,"day8","NP396","CSADRAGGNYAEQFF"
"CSADRNTLYF",0,0,0,0,4.27053558210247e-06,0,0,0,0,0,"day8","NP396","CSADRNTLYF"
"CSADRTGGHYAEQFF",0,0,0,5.81298184169797e-06,0,0,0,0,0,0,"day8","NP396","CSADRTGGHYAEQFF"
"CSAGSAETLYF",1.89275642117616e-05,0,4.85806357585866e-05,4.35973638127348e-06,0,5.90030838945182e-05,0,0,4.58912072446919e-05,0,"day8","NP396","CSAGSAETLYF"
"CASGDALGPSQNTLYF",4.7318910529404e-05,0,0,0,0,0,0,0,0,0,"day40","NP396","CASGDALGPSQNTLYF"
"CASGDRAGGNQDTQYF",0,5.70971793993377e-05,0,0,0,0,0,0,0,0,"day40","NP396","CASGDRAGGNQDTQYF"
"CASGDRDWDNQDTQYF",0,0,4.85806357585866e-05,0,0,0,0,0,0,0,"day40","NP396","CASGDRDWDNQDTQYF"
"CASGDRQGASAETLYF",4.7318910529404e-05,0,0,0,0,0,0,0,0,0,"day40","NP396","CASGDRQGASAETLYF"
"CASGDRRDRNYAEQFF",1.89275642117616e-05,0,0,0,0,0,0,0,0,0,"day40","NP396","CASGDRRDRNYAEQFF"
"CASGDWLSNERLFF",2.83913463176424e-05,0,0,0,0,0,0,0,0,0,"day40","NP396","CASGDWLSNERLFF"
"CASGTGGRNSPLYF",0,0,8.0967726264311e-05,0,0,0,0,0,0,0,"day40","NP396","CASGTGGRNSPLYF"
"CASSDADSSGNTLYF",0,0,3.23870905057244e-05,0,0,0,0,0,0,0,"day40","NP396","CASSDADSSGNTLYF"
"CASSDAHYNSPLYF",0.00011356538527057,0,0,0,0,0,0,0,0,0,"day40","NP396","CASSDAHYNSPLYF"
"CASSDGDRASDYTF",0,1.26882620887417e-05,0,0,0,0,0,0,0.000413020865202227,0,"day40","NP396","CASSDGDRASDYTF"
"CASSFPHSGNTLYF",0,4.4408917310596e-05,0,0,0,0,0,0,0,0,"day40","NP396","CASSFPHSGNTLYF"
"CASSGLGGHQDTQYF",0.000492116669505801,4.4408917310596e-05,0,0,0,0,0,0,0,0,"day40","NP396","CASSGLGGHQDTQYF"
"CASSIPGQRNTEVFF",0,0,6.47741810114488e-05,0,0,0,0,0,0,0,"day40","NP396","CASSIPGQRNTEVFF"
"CASSLGTANTEVFF",3.78551284235232e-05,0,0,0,0,0,0,0,3.05941381631279e-05,0.000167520693732755,"day40","NP396","CASSLGTANTEVFF"
"CASSPGGAHAEQFF",0,3.80647862662251e-05,0,0,0,0,0,0,0,0,"day40","NP396","CASSPGGAHAEQFF"
"CASSQDRSQNTLYF",5.67826926352848e-05,0,0,0,0,0,0,0,0,0,"day40","NP396","CASSQDRSQNTLYF"
"CASSQGNTEVFF",2.83913463176424e-05,0,0,0,0,0,0,0.000132897429763708,0,0,"day40","NP396","CASSQGNTEVFF"
"CASSRDPGEQYF",0,1.90323931331126e-05,0,0,0,0,0,0,0,0,"day40","NP396","CASSRDPGEQYF"
"CASSSRDRTNYAEQFF",0,3.80647862662251e-05,0,0,0,0,0,0,0,0,"day40","NP396","CASSSRDRTNYAEQFF"
"CASSTGTGNYAEQFF",1.89275642117616e-05,0,0,0,0,0,0,0,0,0,"day40","NP396","CASSTGTGNYAEQFF"
"CASSWGQNTEVFF",0,1.26882620887417e-05,0,0,0,0,0,0,0,0,"day40","NP396","CASSWGQNTEVFF"
"CAWGGVGQDTQYF",0,6.34413104437085e-06,0,0,0,0,0,0,0,0,"day40","NP396","CAWGGVGQDTQYF"
"CAWGKSSYEQYF",0,1.26882620887417e-05,0,0,0,0,0,0,0.000244753105305024,0,"day40","NP396","CAWGKSSYEQYF"
"CSAGGGAETLYF",1.89275642117616e-05,1.26882620887417e-05,0,0,0,0,0,0,0,1.97083169097359e-05,"day40","NP396","CSAGGGAETLYF"
