"","LCMV40 M1","LCMV40 M2","LCMV40 M3","LCMV8 M1","LCMV8 M2","LCMV8 M3","LCMV8 M4","PBS M1","PBS M2","PBS M3"
"CARDRDTQYF",0,8.69398897602198e-06,0,0,0,0,0,0,0,0
"CASALASQNTLYF",0,0,0,0,0,2.10399337943417e-05,0,0,0,0
"CASGAGTLYF",0,0,0,0,0,0,0,0,0,1.20469590463627e-05
"CASGDADSGNTLYF",0,5.17922715572382e-05,4.0555886010923e-05,0.000114534417592487,0,0,0,1.8380888777242e-05,8.26863889016491e-05,5.81091289441571e-05
"CASGDADTQYF",0.000756658595641646,8.28676344915812e-05,9.46304006921538e-05,0,0,6.3119801383025e-05,0,4.90157034059787e-05,2.7562129633883e-05,5.1652559061473e-05
"CASGDAGGEDTQYF",0,3.47759559040879e-05,4.87287877495828e-05,0,0,5.20007280101921e-05,0,4.87307665755672e-05,0,4.21643566622695e-05
"CASGDAGGQDTQYF",0,9.32260888030288e-05,0,0.000267246974382469,0,0.00012623960276605,9.3014603292717e-05,9.190444388621e-05,0.000174560154347926,7.10222687095254e-05
"CASGDAGGQNTLYF",0,0.000150197587515991,0,0.000190890695987478,0,0.000112212980236489,0,0.00012560273997782,4.59368827231384e-05,9.68485482402619e-05
"CASGDAGGVNYAEQFF",0,1.55376814671715e-05,0,0,0,0,0,1.8380888777242e-05,0,1.29131397653683e-05
"CASGDAGGYEQYF",3.61702897240207e-05,4.34699448801099e-05,0,0,0,1.3000182002548e-05,0.000253774901662226,0,1.26905163771114e-05,1.20469590463627e-05
"CASGDAGISNERLFF",0,5.17922715572382e-06,8.11117720218461e-05,7.6356278394991e-05,0,0,0,1.8380888777242e-05,0,2.58262795307365e-05
"CASGDAGQEVFF",0,0,0,0,0,0,0,0,4.59368827231384e-05,0
"CASGDAGRSAETLYF",0,5.17922715572382e-06,0,7.6356278394991e-05,0,0,0,9.190444388621e-06,0,0
"CASGDAPGGEDTQYF",0,0,0,0,0,3.50665563239028e-05,0,0,0,0
"CASGDAQAPLF",0,3.10753629343429e-05,0,0,0,7.01331126478055e-06,0,0,0,0
"CASGDARGGDTQYF",0,2.07169086228953e-05,0,0,0,7.01331126478055e-06,0,6.12696292574734e-06,0,1.93697096480524e-05
"CASGDEGDTQYF",0,1.03584543114476e-05,0,0,0,0,0,1.22539258514947e-05,1.83747530892554e-05,1.29131397653683e-05
"CASGDEGGQNTLYF",7.23405794480414e-05,2.60819669280659e-05,0,1.5434718856596e-05,0,0,0.000507549803324451,1.62435888585224e-05,6.34525818855569e-05,3.01173976159068e-05
"CASGDGEVFF",7.23405794480414e-05,0,0,0,0,2.60003640050961e-05,0,4.0608972146306e-06,0,1.20469590463627e-05
"CASGDGGPNSDYTF",0,2.60819669280659e-05,0,0,0,0,0,0,0,0
"CASGDGQGTEVFF",0,0,0,0,0,0,0,1.62435888585224e-05,0,0
"CASGDGSQNTLYF",3.61702897240207e-05,1.7387977952044e-05,0,0,0,0,0,4.46698693609366e-05,0,2.40939180927254e-05
"CASGDLGGYEQYF",0,3.10753629343429e-05,0,0,0,4.20798675886833e-05,0,9.190444388621e-06,8.26863889016491e-05,3.22828494134206e-05
"CASGDLGPYEQYF",0,0,0,7.6356278394991e-05,0,0,0,9.190444388621e-06,0,0
"CASGDNSGNTLYF",0,1.7387977952044e-05,7.30931816243741e-05,0,0,0,0,3.24871777170448e-05,0,1.80704385695441e-05
"CASGDPTGAQDTQYF",0,0,2.70372573406154e-05,0,0,2.10399337943417e-05,0,0,0,0
"CASGDRAEVFF",0,0,0,0,0,0,0,2.0304486073153e-05,0,0
"CASGDRGAETLYF",0,2.58961357786191e-05,0.000121667658032769,0,0,0,0,1.8380888777242e-05,0,2.58262795307365e-05
"CASGDRGEVFF",0,5.17922715572382e-06,0,0,0,3.50665563239028e-05,0,6.12696292574734e-06,9.18737654462768e-06,0
"CASGDRGRDEQYF",0,0,0,0,0,0,0,0,0,1.20469590463627e-05
"CASGDRGTEVFF",0,0,0,0,0,0,0,0,4.59368827231384e-05,1.29131397653683e-05
"CASGDRGYEQYF",1.80851448620103e-05,5.21639338561319e-05,9.74575754991655e-05,3.08694377131921e-05,0,0.000182002548035672,0,2.84262805024142e-05,0,1.20469590463627e-05
"CASGDRLGGREQYF",0,0,3.65465908121871e-05,0,0,0,0,4.0608972146306e-06,0,0
"CASGDRVNQDTQYF",0,0,0,0,0,2.80532450591222e-05,0,0,1.83747530892554e-05,0
"CASGDSDQAPLF",0,1.03584543114476e-05,0,0,0,0,0,0,0,0
"CASGDTGENTLYF",0,0,0,0,0,0,0,0,0,1.20469590463627e-05
"CASGDTGQLYF",0,0,0,0,0,0,0,3.36982960916104e-05,0,6.45656988268413e-06
"CASGDWDQDTQYF",0.000151331719128329,5.17922715572382e-06,0,0,0,2.80532450591222e-05,0,1.53174073143683e-05,9.18737654462768e-06,0
"CASGDWGDQDTQYF",0,0,0,0,0,7.01331126478055e-05,0,1.53174073143683e-05,2.7562129633883e-05,0
"CASGDWGSAETLYF",0,9.32260888030288e-05,0.000121667658032769,0,0.000568343279340722,0.000238452583002539,0,9.190444388621e-05,4.59368827231384e-05,7.74788385922095e-05
"CASGEAGTGGEQYF",0,0,0,0,0,0,0,6.12696292574734e-06,0,0
"CASGEDWGGAETLYF",0.000151331719128329,0,0,0,0,2.10399337943417e-05,0,0,1.83747530892554e-05,1.29131397653683e-05
"CASGEGGGQNTLYF",0,0,0,0,0,0,0,0,6.43116358123938e-05,0
"CASGEGTGGDTQYF",0,1.03584543114476e-05,0,0,0,0,0,6.12696292574734e-06,0,6.45656988268413e-06
"CASGEQGRDSDYTF",0,0,0,0,0,0,0,0,0,6.45656988268413e-06
"CASGEQGYAEQFF",0,0,0,0,0,3.50665563239028e-05,0,3.06348146287367e-06,0,1.29131397653683e-05
"CASGGDWGDYAEQFF",0,8.69398897602198e-06,0,0,0,0,0,8.1217944292612e-06,0,1.20469590463627e-05
"CASGGDWGGYEQYF",0,1.03584543114476e-05,0,0,0.000284171639670361,0,0,6.12696292574734e-06,4.59368827231384e-05,0
"CASGGGQDTQYF",0,2.58961357786191e-05,0,0,0,0,0,6.12696292574734e-06,0,1.93697096480524e-05
"CASGGGTGQLYF",0,0,0,0,0,5.61064901182444e-05,0,0,2.7562129633883e-05,0
"CASGGNSDYTF",0,0,0,0,0,0,0,0,0,1.20469590463627e-05
"CASGGQGAETLYF",0,0,5.40745146812307e-05,0,0,7.71464239125861e-05,0,6.12696292574734e-06,0,1.29131397653683e-05
"CASGGTTNTEVFF",0,0,0,0,0,0,0,8.1217944292612e-06,0,0
"CASGRDWGGYAEQFF",0,0,0,0,0,0,0,0,0,1.29131397653683e-05
"CASGRTSNTEVFF",0,0,0,0,0,1.40266225295611e-05,0,0,0,0
"CASGTGANYAEQFF",0,0,0,7.6356278394991e-05,0,0,0,0,0,6.45656988268413e-06
"CASGVGQISNERLFF",0,0,0,0,0,0,0,0,1.83747530892554e-05,0
"CASGVWGNQDTQYF",0,1.55376814671715e-05,0,0,0,2.80532450591222e-05,0,0,0,0
"CASKDWGGSAETLYF",0,0,3.65465908121871e-05,0,0,0,0,0,0,0
"CASKQGANTEVFF",0,3.47759559040879e-05,6.09109846869785e-05,0,0,0,0,2.84262805024142e-05,2.53810327542228e-05,1.20469590463627e-05
"CASKQGTEVFF",0,3.47759559040879e-05,0,0,0,0,0,0,0,0
"CASKTGDEQYF",0,0,0,0,0,0,0,0,3.80715491313342e-05,1.20469590463627e-05
"CASLGPYEQYF",0,0,0,0,0,0,0,0,0,1.20469590463627e-05
"CASNPGQNYAEQFF",0,0,0,0,0,2.60003640050961e-05,0,0,0,1.80704385695441e-05
"CASNQDTQYF",0,0,0,3.08694377131921e-05,0,0,0,8.1217944292612e-06,0,6.02347952318136e-06
"CASRDIDTQYF",0,0,0.000148704915373385,0,0,0,0,0,1.83747530892554e-05,0
"CASRDRGYEQYF",0,3.47759559040879e-05,3.65465908121871e-05,6.17388754263841e-05,0,0,0.000253774901662226,4.0608972146306e-05,5.07620655084455e-05,9.63756723709018e-05
"CASRDSNSGNTLYF",0,8.69398897602198e-06,0,0,0,0,0,0,0,0
"CASRDSTEVFF",0,0,2.43643938747914e-05,1.5434718856596e-05,0,5.20007280101921e-05,0.000253774901662226,6.0913458219459e-05,0,3.61408771390882e-05
"CASRDSTNERLFF",3.61702897240207e-05,0,0,0,0,0,0,0,0,0
"CASRDWGAYEQYF",0,2.60819669280659e-05,0,1.5434718856596e-05,0,0,0,0,0,0
"CASRDWGGAAETLYF",0,1.03584543114476e-05,0,0,0,0,0,0,0,0
"CASRGPETLYF",0,8.69398897602198e-06,0,0,0,0,0,0,0,0
"CASRGQDQDTQYF",0,5.17922715572382e-06,0,0,0,4.20798675886833e-05,0,0,3.67495061785107e-05,6.45656988268413e-06
"CASRGQGNYAEQFF",0,1.7387977952044e-05,0,0,0,0,0,2.43653832877836e-05,0,0
"CASRGQGYEQYF",0,3.47759559040879e-05,0,7.71735942829801e-05,0,0,0,4.46698693609366e-05,2.53810327542228e-05,1.20469590463627e-05
"CASRGQSAETLYF",0,0,0,0,0,0,9.3014603292717e-05,1.22539258514947e-05,0,0
"CASRGQSQNTLYF",0,2.07169086228953e-05,0,0,0,0,0,0,5.51242592677661e-05,6.45656988268413e-06
"CASRGRNQDTQYF",0,0,0,0.000152712556789982,0,0,0,0,0,0
"CASRGSYNSPLYF",0,0,0,0,0,0,0,3.24871777170448e-05,0,0
"CASRGTGGNYAEQFF",0,8.69398897602198e-06,4.87287877495828e-05,7.71735942829801e-05,0,5.20007280101921e-05,0,1.62435888585224e-05,0,5.42113157086323e-05
"CASRLDSAETLYF",0,0,0,0,0,0,0,6.12696292574734e-06,0,0
"CASRLGGRGDTQYF",0,0,0,0,0,0,0,0,0,1.29131397653683e-05
"CASRLGQYEQYF",0,0,0,0,0,0,0,8.1217944292612e-06,0,0
"CASRPGGAYEQYF",0,0,0,0,0,3.90005460076441e-05,0,0,0,0
"CASRPGQGTEVFF",0,1.7387977952044e-05,0,0,0,0,0,0,0,1.20469590463627e-05
"CASRPGQQDTQYF",0,1.55376814671715e-05,0,0,0,0,0.000139521904939075,6.12696292574734e-06,3.67495061785107e-05,1.29131397653683e-05
"CASRQGGQNTLYF",3.61702897240207e-05,0,0,0,0,0,0,0,0,0
"CASRQGNQDTQYF",0,1.03584543114476e-05,0,0,0,0,0,2.7571333165863e-05,3.67495061785107e-05,3.87394192961048e-05
"CASRQGRAETLYF",0,0,0,0,0,0,0,1.8380888777242e-05,0,1.93697096480524e-05
"CASRQKNTLYF",0,0,0,0,0,0,0,0,0,6.45656988268413e-06
"CASRRTGGYAEQFF",0,0,0,1.5434718856596e-05,0,0,0,8.1217944292612e-06,3.80715491313341e-05,0
"CASRTENTLYF",0,3.47759559040879e-05,0,0,0,1.3000182002548e-05,0,2.84262805024142e-05,0,0
"CASRTGETLYF",0,0,0,0,0,0,0,8.1217944292612e-06,0,1.20469590463627e-05
"CASRTGGAETLYF",0,2.60819669280659e-05,0,3.08694377131921e-05,0,6.50009100127402e-05,0,4.0608972146306e-05,5.07620655084455e-05,0
"CASRTGRGAETLYF",0,0,0,0,0,0,0,1.21826916438918e-05,0,0
"CASRTGYEQYF",0,0.000113021856688286,9.74575754991655e-05,4.63041565697881e-05,0.0001999800019998,0,0.000253774901662226,3.24871777170448e-05,0.000114214647394002,4.81878361854509e-05
"CASRTISAETLYF",0,2.07169086228953e-05,0,0,0,0,0,0,0,0
"CASRTQNTLYF",0,1.7387977952044e-05,0,0,0,0,0,2.0304486073153e-05,0,1.20469590463627e-05
"CASSADNNQAPLF",0,5.17922715572382e-06,0,0,0,0,0,0,0,0
"CASSADSANTEVFF",1.80851448620103e-05,0,0,0,0,0,0,0,2.53810327542228e-05,0
"CASSADWGGNYAEQFF",0,1.03584543114476e-05,0,0,0,0,0,0,0,0
"CASSADWGGYEQYF",3.61702897240207e-05,4.34699448801099e-05,0,0,0,1.3000182002548e-05,0.000253774901662226,0,0,0
"CASSAGGAYEQYF",0,0,0,0,0,1.3000182002548e-05,0,8.1217944292612e-06,0,0
"CASSAGGYAEQFF",3.61702897240207e-05,6.08579228321539e-05,0,3.08694377131921e-05,0,0,0.00139576195914224,3.24871777170448e-05,3.80715491313341e-05,4.21643566622695e-05
"CASSAGLGNYAEQFF",0,0,0,0,0,7.01331126478055e-06,0,0,0,0
"CASSAGNYAEQFF",0,0,0,0,0,0,0,6.12696292574734e-06,0,1.93697096480524e-05
"CASSAGTGIAEQFF",0,0,0,0,0,1.3000182002548e-05,0,0,0,0
"CASSAGTGYAEQFF",0,5.17922715572382e-06,0,0,0,1.40266225295611e-05,0,2.14443702401157e-05,3.67495061785107e-05,4.51959891787889e-05
"CASSALGASAETLYF",0,0,0,0,0,0,0,9.190444388621e-06,0,0
"CASSAPGGVYAEQFF",0,0,0,0,0,0,0,0,0,1.20469590463627e-05
"CASSATGNQDTQYF",0,0,0,0,0,2.10399337943417e-05,0,0,2.7562129633883e-05,0
"CASSDAENTLYF",0,0,0,1.5434718856596e-05,0,0,0,4.0608972146306e-06,0,0
"CASSDAGGASQNTLYF",0,0,0,0,0,0,0,0,3.67495061785107e-05,0
"CASSDAGGDTEVFF",0,1.7387977952044e-05,9.74575754991655e-05,3.08694377131921e-05,0,0,0,2.84262805024142e-05,1.26905163771114e-05,3.01173976159068e-05
"CASSDAGGVYEQYF",0,1.55376814671715e-05,9.46304006921538e-05,0,0,0,0,9.190444388621e-06,3.67495061785107e-05,0
"CASSDAGTEVFF",0,1.03584543114476e-05,4.0555886010923e-05,0,0,0,0,0,0,1.93697096480524e-05
"CASSDARGQDTQYF",0,8.69398897602198e-06,0,0,0,0,0,1.21826916438918e-05,3.80715491313342e-05,1.80704385695441e-05
"CASSDATGSNERLFF",0,0,0,0,0,0,0,0,0,1.29131397653683e-05
"CASSDATTNSDYTF",0,0,0,0,0,0,0,8.1217944292612e-06,0,0
"CASSDAWGGSYEQYF",0,0,0,0,0,0,0,0,3.67495061785107e-05,0
"CASSDDIAEQFF",0,0,0,0,0,0,0,1.21826916438918e-05,0,0
"CASSDDRVDEQYF",0,0,0,0,0,0,0,0,1.26905163771114e-05,0
"CASSDDSSYEQYF",3.61702897240207e-05,8.69398897602198e-05,0,3.08694377131921e-05,0,0.000156002184030576,0,0,0,0
"CASSDDTYEQYF",0,3.47759559040879e-05,4.87287877495828e-05,0,0.0002999700029997,0,0,1.21826916438918e-05,0,1.20469590463627e-05
"CASSDDWGGATGQLYF",0,2.60819669280659e-05,0,0,0,0,0,0,0,1.20469590463627e-05
"CASSDEGEDTQYF",0,0,0,0,0,0,0,2.0304486073153e-05,0,0
"CASSDEGSGNTLYF",0,1.03584543114476e-05,2.70372573406154e-05,7.6356278394991e-05,0,0,0.000186029206585434,6.12696292574734e-06,0,3.22828494134206e-05
"CASSDGDKYEQYF",0,5.17922715572382e-06,2.70372573406154e-05,0,0,0,0,0,2.7562129633883e-05,0
"CASSDGGGGSDYTF",0,8.69398897602198e-06,0,0,0,0,0,0,0,0
"CASSDGGPNQAPLF",0,0,2.43643938747914e-05,0,0,0,0,0,0,0
"CASSDGGRGEQYF",0,0,0,0,0,0,0,0,0,2.40939180927254e-05
"CASSDGLGGQDTQYF",0,1.55376814671715e-05,0,0,0,0,0,0,0,0
"CASSDGTNTEVFF",0,4.34699448801099e-05,0,0.000108043031996172,0,0,0,1.62435888585224e-05,0,1.80704385695441e-05
"CASSDGVQDTQYF",0,0,0,3.08694377131921e-05,0,0,0,0,0,0
"CASSDKGQNTLYF",0,2.60819669280659e-05,0,9.26083131395762e-05,0,0,0,8.1217944292612e-06,0,1.20469590463627e-05
"CASSDLGADTQYF",0,8.69398897602198e-06,0,0,0,0,0,0,0,0
"CASSDLGGYAEQFF",0.000605326876513317,3.10753629343429e-05,2.70372573406154e-05,0.000114534417592487,0.000284171639670361,0,0,0,4.59368827231384e-05,1.29131397653683e-05
"CASSDLGISNERLFF",0,0,0,0,0,0,0,0,0,1.29131397653683e-05
"CASSDLGSAETLYF",3.61702897240207e-05,0,9.74575754991655e-05,4.63041565697881e-05,0,9.10012740178362e-05,0,2.0304486073153e-05,2.53810327542228e-05,7.22817542781763e-05
"CASSDLGYEQYF",0,0,4.0555886010923e-05,0,0,0,0,0,3.67495061785107e-05,1.29131397653683e-05
"CASSDQNYAEQFF",0,0,0,0,0,0,0,0,1.26905163771114e-05,0
"CASSDRDSQNTLYF",1.80851448620103e-05,5.21639338561319e-05,4.87287877495828e-05,4.63041565697881e-05,0,0,0,2.84262805024142e-05,5.07620655084455e-05,3.01173976159068e-05
"CASSDREKVFF",0,0,0,0,0,0,0,4.0608972146306e-06,0,0
"CASSDRGNSDYTF",0,4.34699448801099e-05,0,0.000216086063992344,0,0,0,5.27916637901978e-05,7.61430982626683e-05,2.40939180927254e-05
"CASSDRGNYAEQFF",7.23405794480414e-05,8.69398897602198e-06,0.000207097347935727,0,0,0.000156002184030576,0,4.46698693609366e-05,0.000101524131016891,9.63756723709018e-05
"CASSDRGSNTEVFF",0,0,0,6.17388754263841e-05,0,0,0,0,0,6.02347952318136e-06
"CASSDRGTSAETLYF",0,0,0,0,0,0,0.000761324704986677,1.62435888585224e-05,0,0
"CASSDRSQNTLYF",0,8.8046861647305e-05,0.000108149029362461,0.000190890695987478,0,2.80532450591222e-05,4.65073016463585e-05,5.82061477945997e-05,6.43116358123938e-05,7.10222687095254e-05
"CASSDSGGDTLYF",0,0,0,0,0,0,0,6.12696292574734e-06,0,0
"CASSDSGNTLYF",0,4.34699448801099e-05,2.43643938747914e-05,1.5434718856596e-05,0,0,0,4.0608972146306e-05,0,0
"CASSDSSTEVFF",0,8.69398897602198e-06,0,0,0,0,0,0,0,0
"CASSDTGGYAEQFF",0,0,0,0,0,1.40266225295611e-05,0,0,0,0
"CASSDTGNTEVFF",0,1.55376814671715e-05,0,7.6356278394991e-05,0,0,0,2.7571333165863e-05,0,1.29131397653683e-05
"CASSDVDAEQFF",3.61702897240207e-05,2.60819669280659e-05,0,0,0,0,0,0,0,0
"CASSDVGEQYF",0,0,0,0,0,0,0,4.0608972146306e-06,0,1.80704385695441e-05
"CASSDWDWGYEQYF",0,0,0,0,0,0,0.000139521904939075,0,0,0
"CASSDWGASAETLYF",0,2.07169086228953e-05,0,0,0,6.3119801383025e-05,0,1.22539258514947e-05,0,0
"CASSDWGVQDTQYF",0,7.82459007841978e-05,0,0,0,0.000143002002028028,0,1.21826916438918e-05,8.88336146397797e-05,4.21643566622695e-05
"CASSDWTSQNTLYF",0,1.7387977952044e-05,0,0,0,0,0,0,0,0
"CASSEDNSQNTLYF",0,0,0,0,0,0,0,4.0608972146306e-06,0,6.02347952318136e-06
"CASSEGDTQYF",7.23405794480414e-05,0.000199961746448506,2.43643938747914e-05,0.000169781907422556,9.99900009999e-05,5.20007280101921e-05,0,4.87307665755672e-05,1.26905163771114e-05,4.81878361854509e-05
"CASSEGDWGYAEQFF",0,3.62545900900668e-05,0,0,0,0,0,0,0,0
"CASSEGGANSDYTF",0,8.69398897602198e-06,0,0,0,0,0,0,0,0
"CASSEGGNNQAPLF",0,8.69398897602198e-06,0,0,0,0,0,0,0,0
"CASSEGGTEVFF",0,0,0,7.6356278394991e-05,0,2.10399337943417e-05,0,0,2.7562129633883e-05,1.29131397653683e-05
"CASSEGQQDTQYF",0,8.69398897602198e-06,0.000158368560186144,0.000123477750852768,0,0,0,0,0,0
"CASSEGTENTLYF",0,0,0,0,0,0,0,0,9.18737654462768e-06,0
"CASSEGTGGYEQYF",0,7.76884073358573e-05,4.0555886010923e-05,0,0.000568343279340722,1.40266225295611e-05,0,1.22539258514947e-05,0,1.29131397653683e-05
"CASSEGTNSDYTF",0,0,0,0,0,0,0,0,0,1.29131397653683e-05
"CASSEPGNSDYTF",0,0,0,0,0,0,0,9.190444388621e-06,2.7562129633883e-05,0
"CASSEREQYF",0,1.7387977952044e-05,0.000109639772436561,6.17388754263841e-05,0,0,0,1.21826916438918e-05,0,0
"CASSERGGDAEQFF",0,5.17922715572382e-06,0,0,0,0,0,0,0,0
"CASSERGRYAEQFF",3.61702897240207e-05,0,0,0,0,0,0,0,0,0
"CASSERQSNTEVFF",0,2.60819669280659e-05,7.30931816243741e-05,0,0,0,0,0,0,0
"CASSERTKNTLYF",0,0,0,0,0,0,0,9.190444388621e-06,0,1.93697096480524e-05
"CASSETNSDYTF",3.61702897240207e-05,0,0,0,0,0,0.000380662352493338,0,0,0
"CASSETSAETLYF",0,0,0.000194915150998331,0,0,0,0,2.0304486073153e-05,0.000190357745656671,4.81878361854509e-05
"CASSFAQDTQYF",0,0,0,0,0.0008999100089991,0,0,0,0,0
"CASSFASNSDYTF",0,5.17922715572382e-06,0,0,0,7.01331126478055e-06,0,0,0,0
"CASSFDRGDTQYF",0,0,0,3.08694377131921e-05,0,0,0,4.87307665755672e-05,0,2.40939180927254e-05
"CASSFDWGDTQYF",0,2.60819669280659e-05,0,3.08694377131921e-05,0,0,0,3.65480749316754e-05,0,6.02347952318136e-06
"CASSFDYEQYF",0,1.7387977952044e-05,0,0,0,2.80532450591222e-05,9.3014603292717e-05,2.7571333165863e-05,3.67495061785107e-05,1.29131397653683e-05
"CASSFGEDNQAPLF",0,0,0,0,0,0,0,0,0,1.20469590463627e-05
"CASSFGGGAEQFF",0,3.47759559040879e-05,0,0,0,0,0,0,0,1.20469590463627e-05
"CASSFGGGQDTQYF",0,5.17922715572382e-05,0,0,0,0,0,1.22539258514947e-05,0,5.1652559061473e-05
"CASSFGGQNTLYF",0,1.55376814671715e-05,0,0,0.000284171639670361,0.00012623960276605,0,0.000104158369737705,7.34990123570214e-05,7.74788385922095e-05
"CASSFGHSYEQYF",0,0,0,7.6356278394991e-05,0,0,0,0,0,0
"CASSFGQSGNTLYF",0,0,0,0,0,3.90005460076441e-05,0,4.0608972146306e-06,3.80715491313342e-05,0
"CASSFGSGNTLYF",7.23405794480414e-05,3.47759559040879e-05,0,0,0,0,0,2.84262805024142e-05,0,0
"CASSFGTANSDYTF",7.23405794480414e-05,0,0,0.000108043031996172,0,0,0,3.24871777170448e-05,5.07620655084455e-05,3.61408771390882e-05
"CASSFGTGDTQYF",0,0,0,0,0,3.50665563239028e-05,0,1.8380888777242e-05,0,0
"CASSFGTGVSNERLFF",0,2.60819669280659e-05,8.52753785617698e-05,0,0,0,0,4.0608972146306e-06,0,0
"CASSFLSSAETLYF",0,0,0,0,0,0,0,0,0,1.20469590463627e-05
"CASSFQGGNTLYF",0,0,0,0,0,0,0,0,0,2.40939180927254e-05
"CASSFRDKNSDYTF",0,0,0,0,0,1.40266225295611e-05,0,6.12696292574734e-06,0,0
"CASSFRDRGREQYF",0,0,7.30931816243741e-05,0,0,0,0,2.0304486073153e-05,0,1.80704385695441e-05
"CASSFRDTQYF",0,2.58961357786191e-05,2.70372573406154e-05,0.000114534417592487,0,0,0,1.8380888777242e-05,9.18737654462768e-05,3.22828494134206e-05
"CASSFRGGNTEVFF",0,0,0,0,0,0,0,0,0,1.29131397653683e-05
"CASSFRTEVFF",5.4255434586031e-05,0,0,4.63041565697881e-05,0,0,0,0,0,0
"CASSFRTTNTEVFF",0,0,0,0,0,0,0,8.1217944292612e-06,0,0
"CASSFSGGDTQYF",0,0,0,0,0,0,0,1.62435888585224e-05,0,0
"CASSFSGNQDTQYF",0,0,0,0,0,0,0,8.1217944292612e-06,0,6.02347952318136e-06
"CASSFSSQDTQYF",0,0,0,3.08694377131921e-05,0,0,0,0,0,0
"CASSFTGAEVFF",0,0,0,0,0,0,0,0,9.18737654462768e-06,1.29131397653683e-05
"CASSFTGDSAETLYF",0,0,0,0,0,0.000104001456020384,0,0,0,0
"CASSFWGEDTQYF",0,0,0,0,0,2.60003640050961e-05,0,5.68525610048284e-05,8.88336146397797e-05,1.20469590463627e-05
"CASSFWGESQNTLYF",0,0,0,0,0,0,0,0,0,6.02347952318136e-06
"CASSFWGGSAETLYF",1.80851448620103e-05,8.69398897602198e-06,0,0,0,0,0,0,0,1.20469590463627e-05
"CASSFWGSSYEQYF",0,5.17922715572382e-06,9.46304006921538e-05,0,0,0,0,3.06348146287367e-05,4.59368827231384e-05,2.58262795307365e-05
"CASSGANTGQLYF",0,1.03584543114476e-05,0,0,0,0,0,3.06348146287367e-05,0,6.45656988268413e-06
"CASSGDIYEQYF",0,0,0,0,0,2.80532450591222e-05,0,9.190444388621e-06,0,0
"CASSGDRGDTQYF",0,1.55376814671715e-05,0,0,0,1.40266225295611e-05,0,1.8380888777242e-05,0,1.93697096480524e-05
"CASSGDSYNSPLYF",3.61702897240207e-05,4.34699448801099e-05,0,0,0,0,0,1.21826916438918e-05,0,1.20469590463627e-05
"CASSGGANTEVFF",0,3.47759559040879e-05,0,0,0,0,0,0,5.07620655084455e-05,0
"CASSGGTGETLYF",0,0,0,0,0,0,0,8.1217944292612e-06,0,0
"CASSGGTYEQYF",0,2.60819669280659e-05,0,0,0,0,0,1.21826916438918e-05,6.34525818855569e-05,6.02347952318136e-06
"CASSGLGGGQNTLYF",0,0,0,0,0,7.01331126478055e-06,0,0,3.67495061785107e-05,0
"CASSGLGNQDTQYF",0,0,2.43643938747914e-05,0,0,0,0,0,3.80715491313342e-05,1.80704385695441e-05
"CASSGLGYYAEQFF",0,2.60819669280659e-05,0,0,0,0,0,0,0,0
"CASSGQGPNERLFF",0,5.21639338561319e-05,0,0,0,0,0,8.1217944292612e-06,0,0
"CASSGQIYEQYF",0,0,0,3.08694377131921e-05,0,0,0,2.0304486073153e-05,5.07620655084455e-05,0
"CASSGTDQDTQYF",0,0,6.09109846869785e-05,0.000108043031996172,0,0,0,4.46698693609366e-05,0,0
"CASSGTGENTGQLYF",0,0,0,1.5434718856596e-05,0,0,0,8.1217944292612e-06,0,0
"CASSGTGVEQYF",1.80851448620103e-05,3.47759559040879e-05,0,3.08694377131921e-05,0,3.90005460076441e-05,0,1.62435888585224e-05,0,2.40939180927254e-05
"CASSGTGVSAETLYF",0,0,1.21821969373957e-05,0,0,7.80010920152882e-05,0,1.21826916438918e-05,0,1.20469590463627e-05
"CASSGTVSNERLFF",0,3.62545900900668e-05,0,0.000114534417592487,0,4.90931788534639e-05,0,9.80314068119574e-05,2.7562129633883e-05,5.81091289441571e-05
"CASSHDSSGNTLYF",0,0,1.35186286703077e-05,0,0,0,0,0,0,0
"CASSHKNSDYTF",0,1.7387977952044e-05,0.000207097347935727,0,9.99900009999e-05,0,0,1.21826916438918e-05,1.26905163771114e-05,0
"CASSHNAETLYF",0,0,0,0,0,0,0,0,0,1.20469590463627e-05
"CASSHPGLGENTLYF",0,5.17922715572382e-06,0,0,0,0,0,0,0,0
"CASSHQANSDYTF",0,1.55376814671715e-05,2.70372573406154e-05,0,0,0,0,0,0,0
"CASSHRDSSYEQYF",0,0,0,1.5434718856596e-05,0,0,0,1.21826916438918e-05,6.34525818855569e-05,1.80704385695441e-05
"CASSHWGGQDTQYF",0,8.69398897602198e-06,0,0,0,0,0,2.0304486073153e-05,0,3.01173976159068e-05
"CASSIGGQNTLYF",1.80851448620103e-05,0,0,0,0,0,0,8.1217944292612e-06,0,1.80704385695441e-05
"CASSIGNERLFF",5.4255434586031e-05,0,0,0,0,0,0,0,0,1.20469590463627e-05
"CASSIGTGGYEQYF",0,1.55376814671715e-05,8.11117720218461e-05,3.81781391974955e-05,0,7.01331126478055e-06,4.65073016463585e-05,9.190444388621e-06,0,0.000103305118122946
"CASSINNYEQYF",0,0,0,0,0,3.50665563239028e-05,0,9.190444388621e-06,0,0
"CASSIPGGDAEQFF",0,0,0,7.6356278394991e-05,0,0,0,0,0,0
"CASSIQYEQYF",0,2.58961357786191e-05,2.70372573406154e-05,0,0,4.20798675886833e-05,0,1.22539258514947e-05,2.7562129633883e-05,3.22828494134206e-05
"CASSIRDSAETLYF",0,0,0,0,0,3.90005460076441e-05,0,0,0,3.01173976159068e-05
"CASSIRTANTEVFF",0,0,0,0,0,0,0,8.1217944292612e-06,0,0
"CASSKGLGSAETLYF",0,0,0,0,0,0,0,6.12696292574734e-06,0,0
"CASSKTGGYEQYF",0,1.7387977952044e-05,0,1.5434718856596e-05,0,0,0,1.21826916438918e-05,0,1.80704385695441e-05
"CASSLAFNQDTQYF",0,0,8.52753785617698e-05,0,0.0001999800019998,2.60003640050961e-05,0,1.62435888585224e-05,0,0
"CASSLAGANTEVFF",9.04257243100517e-05,0,0,0,0,2.60003640050961e-05,0,4.0608972146306e-06,5.07620655084455e-05,3.01173976159068e-05
"CASSLAGDEQYF",7.23405794480414e-05,8.69398897602198e-06,8.52753785617698e-05,0,0,0,0,3.65480749316754e-05,3.80715491313342e-05,4.21643566622695e-05
"CASSLAGDYAEQFF",0,5.21639338561319e-05,0,0,0,6.50009100127402e-05,0,8.1217944292612e-06,3.80715491313342e-05,3.61408771390882e-05
"CASSLAGGYAEQFF",9.04257243100517e-05,8.69398897602198e-05,9.74575754991655e-05,3.08694377131921e-05,0,0,0.000507549803324451,8.1217944292612e-05,7.61430982626683e-05,7.83052338013577e-05
"CASSLAGLSGNTLYF",0,0,0,0,0,0,0,6.12696292574734e-06,0,0
"CASSLAGQGNERLFF",0,0,0,0,0,0,0,0,0,1.80704385695441e-05
"CASSLAGQQNTLYF",0,0,0,0,0,0,0,3.24871777170448e-05,0,1.20469590463627e-05
"CASSLAGSSYEQYF",3.61702897240207e-05,6.95519118081758e-05,0,3.08694377131921e-05,0,2.60003640050961e-05,0,4.87307665755672e-05,0,3.61408771390882e-05
"CASSLAGTGGYEQYF",0,0,5.40745146812307e-05,0,0,0,0,6.12696292574734e-06,1.83747530892554e-05,3.87394192961048e-05
"CASSLANSAETLYF",0,0,0,0,0,2.10399337943417e-05,0,1.53174073143683e-05,1.83747530892554e-05,0
"CASSLARGVNYAEQFF",0,0,0,0,0,0,0,0,0,1.20469590463627e-05
"CASSLDGGAGEQYF",0,0,0,3.81781391974955e-05,0,0,0,0,0,0
"CASSLDKANTEVFF",0,8.69398897602198e-06,0,0,0,0,0,0,0,0
"CASSLDLGGEDTQYF",1.80851448620103e-05,0,0,0,0,0,0,0,0,0
"CASSLDNNERLFF",0,8.69398897602198e-06,0,4.63041565697881e-05,0,0.000312004368061153,0,3.24871777170448e-05,0,3.01173976159068e-05
"CASSLDNQAPLF",0.000151331719128329,2.07169086228953e-05,4.0555886010923e-05,0,0,9.11730464421472e-05,0,1.53174073143683e-05,0.00011943589508016,6.45656988268413e-06
"CASSLDQGGNQAPLF",0,0,0,0,0,7.80010920152882e-05,0,0,0,0
"CASSLDRGGDTQYF",0,5.6971498712962e-05,0,0,0,2.10399337943417e-05,0,4.90157034059787e-05,0,3.87394192961048e-05
"CASSLDRGSNERLFF",0,1.7387977952044e-05,0,0,0,1.3000182002548e-05,0.000253774901662226,4.0608972146306e-06,0,1.20469590463627e-05
"CASSLDRLEQYF",0,8.69398897602198e-06,0,0,0,0,0,0,0,0
"CASSLDSREQYF",0,0,0,0,0,0,0,6.12696292574734e-06,0,0
"CASSLDWASAETLYF",3.61702897240207e-05,8.69398897602198e-06,0,1.5434718856596e-05,0.0002999700029997,0,0,1.62435888585224e-05,0,2.40939180927254e-05
"CASSLDWDSYEQYF",0,2.60819669280659e-05,0,0,0,0,0,0,0,0
"CASSLDWGAEQFF",7.23405794480414e-05,0,0,0,0,0,0,0,0,0
"CASSLDWGEDTQYF",0,9.84053159587526e-05,0.000135186286703077,3.81781391974955e-05,0,7.01331126478055e-06,0,2.7571333165863e-05,0,2.58262795307365e-05
"CASSLDWGGEQYF",0,0,0,0,0,2.60003640050961e-05,0,1.21826916438918e-05,0,2.40939180927254e-05
"CASSLDWGGYEQYF",7.23405794480414e-05,0.000191267757472484,0.000182732954060935,9.26083131395762e-05,0,0.00013000182002548,0.000380662352493338,8.1217944292612e-05,5.07620655084455e-05,9.03521928477204e-05
"CASSLDWGQDTQYF",0.000271277172930155,0.000156491801568396,8.52753785617698e-05,3.08694377131921e-05,9.99900009999e-05,0.00013000182002548,0,0.000263958318950989,0.000126905163771114,0.000210821783311348
"CASSLEANSGNTLYF",0,0,0,0.000114534417592487,0,1.40266225295611e-05,0,1.8380888777242e-05,0,0
"CASSLEGAEVFF",0,1.7387977952044e-05,0,3.08694377131921e-05,0,0,0,0,0,3.01173976159068e-05
"CASSLEGANTEVFF",0,1.03584543114476e-05,9.46304006921538e-05,0,0,0.000147279536560392,0.000418565714817226,4.28887404802314e-05,9.18737654462768e-05,6.45656988268413e-05
"CASSLEGAYEQYF",7.23405794480414e-05,0,0.000134004166311353,1.5434718856596e-05,0,0.000182002548035672,0,2.43653832877836e-05,0,3.01173976159068e-05
"CASSLEGGGSQNTLYF",0,0,0,0,0,0,0,0,0,6.45656988268413e-06
"CASSLEGNYAEQFF",0,6.95519118081758e-05,0,6.17388754263841e-05,0,0,0,0.000101522430365765,6.34525818855569e-05,2.40939180927254e-05
"CASSLEGQNTLYF",0,5.17922715572382e-05,5.40745146812307e-05,0.000152712556789982,0,7.71464239125861e-05,0,6.4333110720347e-05,6.43116358123938e-05,9.68485482402619e-05
"CASSLEGTLYF",0,0,0,0,0,0,0,1.8380888777242e-05,0,6.45656988268413e-06
"CASSLELGGGAETLYF",0,8.69398897602198e-06,0,0,0,0,0,0,0,1.20469590463627e-05
"CASSLEQKNTLYF",0,0,0,0,0,0,0,8.1217944292612e-06,0,0
"CASSLFGSGNTLYF",0,0,0,0,0,0,0,4.0608972146306e-06,0,0
"CASSLFSAETLYF",0,0,0,0,0,0,0,0,5.07620655084455e-05,0
"CASSLFSQDTQYF",0,0,0,0,0,0,0,0,0,1.93697096480524e-05
"CASSLGAEDTQYF",0,1.7387977952044e-05,0,0,0.0003999600039996,0,0,0,0,0
"CASSLGAGDAEQFF",0,0,0,0,0,0,0,0,0,1.20469590463627e-05
"CASSLGANTGQLYF",0,5.21639338561319e-05,4.87287877495828e-05,0,0,5.20007280101921e-05,0,4.0608972146306e-05,1.26905163771114e-05,4.81878361854509e-05
"CASSLGASAETLYF",0.000151331719128329,6.73299530244097e-05,0.000175742172714,3.81781391974955e-05,0,2.80532450591222e-05,0,0.000104158369737705,5.51242592677661e-05,8.39354084748936e-05
"CASSLGDSAETLYF",0.000453995157384988,4.66130444015144e-05,2.70372573406154e-05,0,0,3.50665563239028e-05,0,1.8380888777242e-05,9.18737654462768e-05,5.81091289441571e-05
"CASSLGERLFF",3.61702897240207e-05,0.000121715845664308,0,4.63041565697881e-05,0,3.90005460076441e-05,0,8.1217944292612e-06,0.000152286196525337,8.43287133245391e-05
"CASSLGGAGNTLYF",7.23405794480414e-05,6.08579228321539e-05,2.43643938747914e-05,4.63041565697881e-05,0,1.3000182002548e-05,0,3.65480749316754e-05,3.80715491313342e-05,8.43287133245391e-05
"CASSLGGARAETLYF",0,0,0,7.6356278394991e-05,0,7.01331126478055e-06,0,0,9.18737654462768e-06,1.93697096480524e-05
"CASSLGGEQYF",0,4.66130444015144e-05,4.0555886010923e-05,7.6356278394991e-05,0,7.01331126478055e-05,0.000139521904939075,5.5142666331726e-05,1.83747530892554e-05,0.000116218257888314
"CASSLGGFNERLFF",0,0,0,0,0,0,0,0,1.26905163771114e-05,1.80704385695441e-05
"CASSLGGGAETLYF",5.4255434586031e-05,0.000113021856688286,6.09109846869785e-05,0.000138912469709364,0,0.00013000182002548,0.000761324704986677,0.000142131402512071,7.61430982626683e-05,0.000210821783311348
"CASSLGGGGTEVFF",0,0,0,0,0,0,0,0,0,2.40939180927254e-05
"CASSLGGGTEVFF",9.04257243100517e-05,1.7387977952044e-05,8.52753785617698e-05,7.71735942829801e-05,0,9.10012740178363e-05,0,2.0304486073153e-05,6.34525818855569e-05,1.20469590463627e-05
"CASSLGGKGYEQYF",0,5.17922715572382e-06,0,0,0,0,0,0,1.83747530892554e-05,0
"CASSLGGLEQYF",7.23405794480414e-05,3.47759559040879e-05,0.000243643938747914,0,0,9.10012740178363e-05,0,2.43653832877836e-05,0,1.80704385695441e-05
"CASSLGGNSDYTF",0.000343617752378197,0.000104327867712264,0,0.000185216626279152,0,2.60003640050961e-05,0,0.000211166655160791,0.000291881876673562,0.000204798303788166
"CASSLGGPSGNTLYF",0,8.69398897602198e-06,0,0,0,0,0,0,0,0
"CASSLGGRAEQFF",7.23405794480414e-05,8.69398897602198e-05,4.87287877495828e-05,0.000138912469709364,0,3.90005460076441e-05,0,2.43653832877836e-05,0.000228429294788005,0.000108422631417265
"CASSLGGSSYEQYF",0.000271277172930155,8.69398897602198e-05,4.87287877495828e-05,7.71735942829801e-05,0,6.50009100127402e-05,0,0.000101522430365765,0.000152286196525337,0.000228892221880892
"CASSLGGSYAEQFF",5.4255434586031e-05,3.47759559040879e-05,1.21821969373957e-05,0,0,0,0,1.21826916438918e-05,3.80715491313342e-05,2.40939180927254e-05
"CASSLGGYAEQFF",0.000453995157384988,3.10753629343429e-05,0,7.6356278394991e-05,0,0,0,1.8380888777242e-05,9.18737654462768e-05,3.22828494134206e-05
"CASSLGGYYAEQFF",0,3.47759559040879e-05,0.000207097347935727,3.08694377131921e-05,0,6.50009100127402e-05,0,3.24871777170448e-05,0,3.61408771390882e-05
"CASSLGINERLFF",0,0,0,0,0,0,0,2.43653832877836e-05,0,0
"CASSLGISNERLFF",0,0.000113942997425924,0.000148704915373385,0.000190890695987478,0.000852514919011083,7.71464239125861e-05,0,7.65870365718417e-05,0.00011943589508016,0.000213066806128576
"CASSLGISYEQYF",0,0,2.43643938747914e-05,4.63041565697881e-05,0,0,0.000507549803324451,8.1217944292612e-06,0,4.81878361854509e-05
"CASSLGLAYEQYF",0,0,0,0,0,0,0,1.62435888585224e-05,0,0
"CASSLGLGGAQDTQYF",0,0,0,0,0,5.20007280101921e-05,0,0,0,0
"CASSLGLGNYAEQFF",0,1.7387977952044e-05,0,0.000138912469709364,0,0,0,5.27916637901978e-05,2.53810327542228e-05,2.40939180927254e-05
"CASSLGLGSGQNTLYF",0,0,0,0,0,0,0,3.06348146287367e-06,0,0
"CASSLGNEQYF",0,0,0,0,0,0,0.000139521904939075,0,0,0
"CASSLGQAPLF",1.80851448620103e-05,8.69398897602198e-06,0,0,0,0,0,2.0304486073153e-05,0,2.40939180927254e-05
"CASSLGQGAGTEVFF",0,0,0,1.5434718856596e-05,0,0,0,0,0,0
"CASSLGQGANTEVFF",1.80851448620103e-05,0,2.43643938747914e-05,4.63041565697881e-05,0,0,0.000380662352493338,5.27916637901978e-05,5.07620655084455e-05,2.40939180927254e-05
"CASSLGQGEVFF",0,5.21639338561319e-05,0,0,0,0,0,3.24871777170448e-05,0.000114214647394002,7.83052338013577e-05
"CASSLGQGPNERLFF",0,0,0,0,0,0,0,2.84262805024142e-05,0,6.02347952318136e-06
"CASSLGQGRQDTQYF",0,8.69398897602198e-06,0,0,0,0,0,0,0,0
"CASSLGQLTEVFF",0,0,0,0,0,2.10399337943417e-05,0,0,0,0
"CASSLGQNTEVFF",0.000126596014034072,0.000226043713376571,0.000304554923434892,0.00015434718856596,9.99900009999e-05,0.000234003276045865,0,0.000349237160458232,0.000291881876673562,0.00026503309901998
"CASSLGQSGNTLYF",0,0,0,0,0,6.50009100127402e-05,0,0,0,0
"CASSLGQTEVFF",9.04257243100517e-05,0.000121715845664308,0.000158368560186144,4.63041565697881e-05,0,0,0,4.87307665755672e-05,0.000152286196525337,9.03521928477204e-05
"CASSLGQVAEQFF",0,0,0,0,0,0,0,4.0608972146306e-06,0,0
"CASSLGRAQDTQYF",0,0,0,4.63041565697881e-05,0,0,0,0,0,1.80704385695441e-05
"CASSLGRGNSDYTF",0,0,2.43643938747914e-05,0,0,7.80010920152882e-05,0,1.62435888585224e-05,5.07620655084455e-05,0
"CASSLGSGNTLYF",0,5.6971498712962e-05,2.70372573406154e-05,0,0,6.3119801383025e-05,4.65073016463585e-05,1.8380888777242e-05,2.7562129633883e-05,0.000103305118122946
"CASSLGSSYEQYF",1.80851448620103e-05,0.00017387977952044,0.000194915150998331,0.000138912469709364,0.0001999800019998,0.000234003276045865,0.000253774901662226,0.000109644224795026,0.000215738778410894,0.000246962660450436
"CASSLGSYEQYF",0.000151331719128329,6.21507258686859e-05,0.000189260801384308,0,0,7.01331126478055e-06,0,6.4333110720347e-05,4.59368827231384e-05,8.39354084748936e-05
"CASSLGTASAETLYF",0,4.66130444015144e-05,4.0555886010923e-05,0,0,0.000140266225295611,0,3.36982960916104e-05,0,3.22828494134206e-05
"CASSLGTGDERLFF",0,5.17922715572382e-06,0,0,0,0,0,0,0,0
"CASSLGTGGFEQYF",0,8.69398897602198e-06,2.43643938747914e-05,0,0,0,0,0,0,0
"CASSLGTGGNTLYF",0,2.07169086228953e-05,0.000135186286703077,0.000152712556789982,0,0,0,0,0,2.58262795307365e-05
"CASSLGTGGYAEQFF",0.000162766303758093,8.69398897602198e-05,8.52753785617698e-05,7.71735942829801e-05,9.99900009999e-05,5.20007280101921e-05,0,0.000129948710868179,0,0.000198774824264985
"CASSLGTLNQDTQYF",0,8.69398897602198e-05,0,6.17388754263841e-05,0,0,0,0,0,1.20469590463627e-05
"CASSLGTNTEVFF",0.000198936593482114,4.34699448801099e-05,0,0,0,6.50009100127402e-05,0.000380662352493338,6.90352526487202e-05,0.000215738778410894,0.000120469590463627
"CASSLGTSQNTLYF",0,4.66130444015144e-05,0,0,0,1.40266225295611e-05,0,4.28887404802314e-05,6.43116358123938e-05,0
"CASSLGVYEQYF",0.000108510869172062,5.21639338561319e-05,4.87287877495828e-05,7.71735942829801e-05,0,5.20007280101921e-05,0,0,6.34525818855569e-05,9.03521928477204e-05
"CASSLGWENTLYF",0,5.17922715572382e-06,0,0,0,0,0,3.06348146287367e-06,0,3.22828494134206e-05
"CASSLGYEQYF",9.04257243100517e-05,0.000269513658256681,0.000121821969373957,4.63041565697881e-05,0.0002999700029997,0.000338004732066249,0.000507549803324451,0.000357358954887493,0.000241119811165116,0.000283103537589524
"CASSLLGADAEQFF",0,0,0,0,0,0,0,0,0,1.29131397653683e-05
"CASSLLGQDTQYF",9.04257243100517e-05,5.21639338561319e-05,0.000146186363248748,9.26083131395762e-05,0.0002999700029997,0.000143002002028028,0,0.000105583327580396,0.000152286196525337,0.000108422631417265
"CASSLLGSSAETLYF",1.80851448620103e-05,3.47759559040879e-05,0,0,0,0,0,3.24871777170448e-05,5.07620655084455e-05,1.20469590463627e-05
"CASSLLGYEQYF",9.04257243100517e-05,8.69398897602198e-05,0,9.26083131395762e-05,0,0.000104001456020384,0.000126887450831113,0.000113705122009657,0.000190357745656671,7.22817542781763e-05
"CASSLMGGQDTQYF",0,0,0,0,0,2.80532450591222e-05,0,3.06348146287367e-06,0,3.87394192961048e-05
"CASSLNSDYTF",0,4.14338172457906e-05,1.35186286703077e-05,0.000152712556789982,0,9.81863577069278e-05,0.000186029206585434,5.5142666331726e-05,5.51242592677661e-05,0.000129131397653682
"CASSLPDSYAEQFF",0,0,0,0,0,0,0,8.1217944292612e-06,0,0
"CASSLPGGQDTQYF",0,5.17922715572382e-06,0,0,0,7.01331126478055e-06,0,6.73965921832207e-05,0,3.87394192961048e-05
"CASSLPGGSYEQYF",0,9.56338787362418e-05,0,0,0,0,0,2.0304486073153e-05,3.80715491313342e-05,1.20469590463627e-05
"CASSLPGRGDTQYF",0,0,0,0,0,0,0,4.0608972146306e-06,0,0
"CASSLPSYEQYF",0,1.7387977952044e-05,0,0,0,0,0,2.84262805024142e-05,0,1.20469590463627e-05
"CASSLPTGNTGQLYF",0,0,0,0,0,0,0.000279043809878151,3.06348146287367e-06,0,0
"CASSLQGDAEQFF",0,0,4.0555886010923e-05,0,0,7.01331126478055e-06,0,3.36982960916104e-05,2.7562129633883e-05,0
"CASSLQGTEVFF",0,3.10753629343429e-05,0.000108149029362461,0,0.000852514919011083,2.80532450591222e-05,4.65073016463585e-05,6.12696292574734e-05,0.000128623271624788,6.45656988268413e-05
"CASSLQNSDYTF",0.000151331719128329,8.28676344915812e-05,0,0.000114534417592487,0,0,0,8.57774809604627e-05,8.26863889016491e-05,5.1652559061473e-05
"CASSLRDKYAEQFF",0,2.60819669280659e-05,0,6.17388754263841e-05,0.0001999800019998,1.3000182002548e-05,0,1.62435888585224e-05,0,0
"CASSLRDRGNERLFF",0,0,0,0,0.000284171639670361,0,0,0,0,3.22828494134206e-05
"CASSLRDWGDAEQFF",5.4255434586031e-05,0.000113021856688286,1.21821969373957e-05,3.08694377131921e-05,9.99900009999e-05,0.000143002002028028,0,5.27916637901978e-05,7.61430982626683e-05,4.21643566622695e-05
"CASSLRGDQDTQYF",0,4.34699448801099e-05,0,0,0,0,0,3.24871777170448e-05,6.34525818855569e-05,4.21643566622695e-05
"CASSLRGEDTQYF",0,8.69398897602198e-05,0,0,0,0,0,1.62435888585224e-05,5.07620655084455e-05,8.43287133245391e-05
"CASSLRGGQDTQYF",9.04257243100517e-05,6.08579228321538e-05,0,0,0,0,0,5.27916637901978e-05,0.000152286196525337,5.42113157086323e-05
"CASSLRGNSPLYF",0,0,0,0,0,0,0,9.190444388621e-06,1.83747530892554e-05,0
"CASSLRGQNTLYF",0.000325532607516186,0.000260819669280659,0,0.000216086063992344,9.99900009999e-05,0,0,0.000243653832877836,2.53810327542228e-05,0.000156610467602715
"CASSLRGSGNTLYF",9.04257243100517e-05,7.82459007841978e-05,2.43643938747914e-05,3.08694377131921e-05,0.0001999800019998,0,0,4.0608972146306e-05,8.88336146397797e-05,0.000102399151894083
"CASSLRGTEVFF",1.80851448620103e-05,3.47759559040879e-05,9.74575754991655e-05,0.00015434718856596,9.99900009999e-05,2.60003640050961e-05,0,7.71570470779814e-05,3.80715491313342e-05,4.81878361854509e-05
"CASSLRGTSAETLYF",3.61702897240207e-05,8.69398897602198e-06,0,0,0,0,0,3.04923462135309e-05,5.51242592677661e-05,3.70070578580937e-05
"CASSLRQSSYEQYF",0,3.47759559040879e-05,0,0,0,5.20007280101921e-05,0,1.62435888585224e-05,8.88336146397797e-05,1.20469590463627e-05
"CASSLRQYEQYF",5.4255434586031e-05,6.08579228321538e-05,0,1.5434718856596e-05,9.99900009999e-05,0.000195002730038221,0.00088821215581779,0.000101522430365765,0.000114214647394002,0.000156610467602715
"CASSLRSQNTLYF",0.000180851448620103,6.08579228321539e-05,2.43643938747914e-05,0.000216086063992344,9.99900009999e-05,5.20007280101921e-05,0,0.000174618580229116,5.07620655084455e-05,0.000156610467602715
"CASSLRTGGYEQYF",0,7.82459007841978e-05,2.43643938747914e-05,1.5434718856596e-05,0,0.000104001456020384,0,2.43653832877836e-05,0,3.61408771390882e-05
"CASSLRVGEQYF",0,0,0,0,0,3.90005460076441e-05,0,0,2.53810327542228e-05,1.20469590463627e-05
"CASSLSAETLYF",0,0.000150197587515991,6.75931433515384e-05,0.000114534417592487,0,0.00012623960276605,4.65073016463585e-05,0.000153174073143683,0.000192934907437181,0.000161414247067103
"CASSLSGAGNTLYF",5.4255434586031e-05,1.7387977952044e-05,0,0,0,0,0,3.24871777170448e-05,2.53810327542228e-05,2.40939180927254e-05
"CASSLSGGQYF",0,0,0,0,0,2.80532450591222e-05,0,0,0,0
"CASSLSGGYEQYF",0,5.17922715572382e-05,5.40745146812307e-05,3.81781391974955e-05,0.000284171639670361,0.000175332781619514,0.000511580318109943,5.20791848688524e-05,3.67495061785107e-05,5.1652559061473e-05
"CASSLSGTGYAEQFF",0,1.7387977952044e-05,0,6.17388754263841e-05,0,0,0,2.84262805024142e-05,0,1.20469590463627e-05
"CASSLSGVQDTQYF",0.000144681158896083,0,0,0,0,2.60003640050961e-05,0,4.0608972146306e-06,0,1.80704385695441e-05
"CASSLSPSYEQYF",0,0,9.74575754991655e-05,1.5434718856596e-05,0,1.3000182002548e-05,0,0,0,0
"CASSLSQGDTEVFF",0,0,0,0,0,0,0,9.190444388621e-06,0,0
"CASSLSREGTEVFF",0,1.55376814671715e-05,0,0,0,0,0,0,0,0
"CASSLSREVFF",3.61702897240207e-05,2.60819669280659e-05,0,0,0,0,0,0,2.53810327542228e-05,6.02347952318136e-06
"CASSLSRGRDTQYF",0,0,0,0,0,0,0,3.24871777170448e-05,1.26905163771114e-05,3.61408771390882e-05
"CASSLSRGYEQYF",0,0,0.000158368560186144,6.17388754263841e-05,0,0.000104001456020384,0,0,5.07620655084455e-05,3.61408771390882e-05
"CASSLSRRYAEQFF",0,0,0,0,0,0,0,8.1217944292612e-06,0,0
"CASSLSRYEQYF",0.000162766303758093,5.21639338561319e-05,9.74575754991655e-05,0.000108043031996172,0,5.20007280101921e-05,0,0.000113705122009657,0.000164976712902448,0.00013251654950999
"CASSLTGDTQYF",0,0,0,0,0,2.80532450591222e-05,0,1.8380888777242e-05,1.83747530892554e-05,0
"CASSLTGGGAEQFF",0,1.03584543114476e-05,2.70372573406154e-05,0,0,0,0,1.53174073143683e-05,0,0
"CASSLTGGGQDTQYF",3.61702897240207e-05,0,0.000134004166311353,0,0,0,0,2.43653832877836e-05,1.26905163771114e-05,3.01173976159068e-05
"CASSLTGGNYAEQFF",0,9.84053159587526e-05,8.11117720218461e-05,0,0,3.50665563239028e-05,0,3.6761777554484e-05,0,1.29131397653683e-05
"CASSLTGNYAEQFF",0.000235106883206134,0.000147797812592374,0.000219279544873122,0,0,0.000299004186058605,0,0.000150253196941332,0.000114214647394002,0.000108422631417265
"CASSLTGPNERLFF",0,2.07169086228953e-05,0,0,0,1.40266225295611e-05,0,2.14443702401157e-05,3.67495061785107e-05,0
"CASSLTGSYEQYF",0,8.69398897602198e-06,9.74575754991655e-05,6.17388754263841e-05,0,0,0,8.1217944292612e-06,0.000126905163771114,1.80704385695441e-05
"CASSLTGYAEQFF",0,0,0,0,0,7.01331126478055e-06,0,2.45078517029893e-05,0,3.22828494134206e-05
"CASSLTSNSDYTF",1.80851448620103e-05,0.000121715845664308,2.43643938747914e-05,7.71735942829801e-05,0,5.20007280101921e-05,0,4.46698693609366e-05,5.07620655084455e-05,0.000144563508556353
"CASSLTTNTGQLYF",0,1.03584543114476e-05,8.11117720218461e-05,0,0,0,0,1.53174073143683e-05,9.18737654462768e-06,4.51959891787889e-05
"CASSLVGGGNTLYF",0,1.7387977952044e-05,0,0,0,0,0,8.1217944292612e-06,0,0
"CASSLWYEQYF",0,2.60819669280659e-05,0,1.5434718856596e-05,0,0,0,0,0,0
"CASSLYGSQDTQYF",0,0,0,0,0,0,0,4.0608972146306e-06,0,1.20469590463627e-05
"CASSNSAEQFF",0,0,0,1.5434718856596e-05,0,0,0,0,0,6.02347952318136e-06
"CASSPDKNSDYTF",0,2.60819669280659e-05,0,0,0,0,0,2.84262805024142e-05,0,1.80704385695441e-05
"CASSPDKSNERLFF",0,0,0,0,0,0,0,0,3.80715491313342e-05,0
"CASSPDNQDTQYF",0,1.55376814671715e-05,0,3.81781391974955e-05,0,2.80532450591222e-05,0.000186029206585434,7.04600736460944e-05,5.51242592677661e-05,2.58262795307365e-05
"CASSPDRSQNTLYF",0,5.17922715572382e-05,4.0555886010923e-05,0,0,4.20798675886833e-05,0,1.8380888777242e-05,0,0
"CASSPDRVGERLFF",0,2.60819669280659e-05,0,0,0,0,0,4.0608972146306e-06,3.80715491313342e-05,0
"CASSPDSNQDTQYF",0,7.76884073358573e-05,4.0555886010923e-05,0.000114534417592487,0,7.01331126478055e-06,0,0.000116412295589199,0.000128623271624788,0.000116218257888314
"CASSPDWGGAETLYF",1.80851448620103e-05,3.47759559040879e-05,9.74575754991655e-05,0.000169781907422556,0,0.000182002548035672,0,6.49743554340896e-05,5.07620655084455e-05,0.000108422631417265
"CASSPDWGKDTQYF",0,1.55376814671715e-05,0,0,0,4.20798675886833e-05,0,1.8380888777242e-05,0,1.29131397653683e-05
"CASSPFSNERLFF",1.80851448620103e-05,0,0,0,0,0,0,8.1217944292612e-06,3.80715491313342e-05,5.42113157086323e-05
"CASSPGAEVFF",0,0,0,3.08694377131921e-05,0,0,0,8.1217944292612e-06,0,0
"CASSPGANERLFF",3.61702897240207e-05,2.60819669280659e-05,0,0,0,0,0,8.1217944292612e-06,0,0
"CASSPGASQNTLYF",1.80851448620103e-05,3.47759559040879e-05,0,4.63041565697881e-05,0,0,0,2.84262805024142e-05,0,3.61408771390882e-05
"CASSPGGAEAEQFF",0,0,0,0,0,0,0,8.1217944292612e-06,0,1.20469590463627e-05
"CASSPGGDTQYF",0,0.000129480678893096,0,0,0,0.000147279536560392,0,4.5952221943105e-05,9.18737654462768e-06,1.93697096480524e-05
"CASSPGGENTLYF",0,5.17922715572382e-06,6.75931433515384e-05,0,0,0,0,1.22539258514947e-05,0,3.87394192961048e-05
"CASSPGGNQDTQYF",0,0.000113942997425924,0,0,0,0.000119226291501269,0,6.73965921832207e-05,1.83747530892554e-05,3.22828494134206e-05
"CASSPGGQDTQYF",9.04257243100517e-05,2.60819669280659e-05,0.000231461741810518,6.17388754263841e-05,0,0.000104001456020384,0,0.000121826916438918,5.07620655084455e-05,6.6258274754995e-05
"CASSPGGRGNTLYF",0,0,0,0,0,2.10399337943417e-05,0,0,0,0
"CASSPGGYEQYF",0.000198936593482114,6.08579228321539e-05,0.000377648105059266,0,0,5.20007280101921e-05,0,0.000113705122009657,7.61430982626683e-05,0.000114446110940446
"CASSPGISNERLFF",0,3.10753629343429e-05,0,0.000114534417592487,0,7.01331126478055e-05,0,5.5142666331726e-05,2.7562129633883e-05,7.74788385922095e-05
"CASSPGLENYAEQFF",0,0,0,0,0,0,0,1.21826916438918e-05,0,0
"CASSPGLGDQDTQYF",0,5.21639338561319e-05,0,0.000138912469709364,0,0.00013000182002548,0,3.24871777170448e-05,0,1.20469590463627e-05
"CASSPGLGGEQYF",3.61702897240207e-05,8.69398897602198e-06,0.00017055075712354,0,0,1.3000182002548e-05,0.000253774901662226,0,2.53810327542228e-05,4.81878361854509e-05
"CASSPGLGGSYAEQFF",0,2.60819669280659e-05,0,0,0,0,0,4.0608972146306e-06,0,5.42113157086323e-05
"CASSPGLGVNQDTQYF",0,8.69398897602198e-06,0,4.63041565697881e-05,0,7.80010920152882e-05,0,8.1217944292612e-06,0.000139595680148225,4.21643566622695e-05
"CASSPGLGVQDTQYF",0,0,9.46304006921538e-05,0,0,2.10399337943417e-05,0,1.53174073143683e-05,0,1.29131397653683e-05
"CASSPGLSNERLFF",0,1.03584543114476e-05,0,0,0,4.90931788534639e-05,0,3.98252590173577e-05,0,0
"CASSPGPYAEQFF",0,1.03584543114476e-05,0,0,0,2.80532450591222e-05,0,1.22539258514947e-05,9.18737654462768e-06,0
"CASSPGQFSNERLFF",0,0,7.30931816243741e-05,0,0,0,0,4.46698693609366e-05,0,3.01173976159068e-05
"CASSPGQGANTLYF",0,0,0,0,0,0,0,3.24871777170448e-05,0,0
"CASSPGQGAREQYF",3.61702897240207e-05,0,6.09109846869785e-05,1.5434718856596e-05,0,0,0,2.84262805024142e-05,1.26905163771114e-05,3.61408771390882e-05
"CASSPGQGREQYF",0,1.7387977952044e-05,0.000158368560186144,3.08694377131921e-05,0,1.3000182002548e-05,0,3.24871777170448e-05,1.26905163771114e-05,3.61408771390882e-05
"CASSPGQINERLFF",0,0,0,0,0,0,0,2.7571333165863e-05,0,2.58262795307365e-05
"CASSPGQLYEQYF",0,0,0,7.6356278394991e-05,0,0,0,1.22539258514947e-05,0,0
"CASSPGQNTEVFF",0.000162766303758093,0.000252125680304637,7.30931816243741e-05,0.000216086063992344,0,0.000572008008112114,0.00152264940997335,0.00020304486073153,0.000406096524067564,0.000289127017112705
"CASSPGQPTEVFF",0,2.60819669280659e-05,0,6.17388754263841e-05,0,0,0,8.1217944292612e-06,0,1.20469590463627e-05
"CASSPGQSSGNTLYF",0,0,0,0,0,0,0,8.1217944292612e-06,0,0
"CASSPGQTNSDYTF",0.000108510869172062,8.69398897602198e-05,7.30931816243741e-05,4.63041565697881e-05,0,2.60003640050961e-05,0,0.000129948710868179,0.000152286196525337,1.80704385695441e-05
"CASSPGQYAEQFF",0.000452128621550259,0.000321677592112813,4.87287877495828e-05,0.000555649878837457,0.0001999800019998,0.000273003822053509,0.000507549803324451,0.000467003179682519,0.000253810327542228,0.000469831402808146
"CASSPGRNQDTQYF",1.80851448620103e-05,0,0,4.63041565697881e-05,0,0,0,0,2.53810327542228e-05,3.61408771390882e-05
"CASSPGSSYEQYF",0.000302663438256659,3.62545900900668e-05,8.11117720218461e-05,0.000114534417592487,0,0.000105199668971708,0.000232536508231792,6.4333110720347e-05,7.34990123570214e-05,8.39354084748936e-05
"CASSPGTEVFF",0.000144681158896083,0.000191267757472484,1.21821969373957e-05,3.08694377131921e-05,9.99900009999e-05,9.10012740178362e-05,0,9.74615331511344e-05,8.88336146397797e-05,9.03521928477204e-05
"CASSPGTFYEQYF",3.61702897240207e-05,0,0,3.08694377131921e-05,0,0,0,0,0,1.20469590463627e-05
"CASSPGTGGANQDTQYF",0,0,0,0,0,0.000104001456020384,0,0,0,1.20469590463627e-05
"CASSPGTGGFAEQFF",0,3.47759559040879e-05,0,0,0,0,0,8.1217944292612e-06,0,2.40939180927254e-05
"CASSPGTGGNTLYF",0,4.66130444015144e-05,2.70372573406154e-05,0,0,6.3119801383025e-05,0.000232536508231792,3.36982960916104e-05,0,3.87394192961048e-05
"CASSPGTGGYQDTQYF",0,0,0,0,0,0,0,1.22539258514947e-05,0,0
"CASSPGTGKDTQYF",5.4255434586031e-05,1.7387977952044e-05,6.09109846869785e-05,9.26083131395762e-05,0,0,0,8.52788415072426e-05,0.000101524131016891,0.000168657426649078
"CASSPGTGLYEQYF",0,1.55376814671715e-05,0,0,0,1.40266225295611e-05,0,9.190444388621e-06,2.7562129633883e-05,0
"CASSPGTGNYAEQFF",1.80851448620103e-05,8.69398897602198e-05,0,3.08694377131921e-05,0,0.000234003276045865,0,0.000125887813653549,0.000164976712902448,4.21643566622695e-05
"CASSPGTGRAEQFF",0,0,0,0,0,0,0,1.22539258514947e-05,0,0
"CASSPGTSYEQYF",0,7.82459007841978e-05,0,3.08694377131921e-05,0,0,0,8.1217944292612e-06,2.53810327542228e-05,1.20469590463627e-05
"CASSPGTTETLYF",0,2.07169086228953e-05,0,0,0,0,4.65073016463585e-05,1.53174073143683e-05,0,0
"CASSPGTYYAEQFF",0,8.69398897602198e-06,0,1.5434718856596e-05,0,0,0,4.0608972146306e-06,3.80715491313342e-05,1.20469590463627e-05
"CASSPGVQDTQYF",0.000162766303758093,1.7387977952044e-05,0,7.71735942829801e-05,9.99900009999e-05,9.10012740178363e-05,0,6.0913458219459e-05,5.07620655084455e-05,0
"CASSPHPEVFF",0,0,0,0,0,0,0,0,0,1.20469590463627e-05
"CASSPLGGDTQYF",0,0,0,0,0,0,0,2.43653832877836e-05,0,0
"CASSPPGDQDTQYF",1.80851448620103e-05,0,0,0,0,0,0,0,0,0
"CASSPPGLNYAEQFF",0,0,0,3.08694377131921e-05,0,0,0,2.43653832877836e-05,0,0
"CASSPPLGSSAETLYF",0,0,0,0,0,0,0,1.62435888585224e-05,0,0
"CASSPQDTQYF",0,0.000155376814671715,0.000135186286703077,0.000229068835184973,0.000284171639670361,0.000119226291501269,4.65073016463585e-05,0.000257332442881388,8.26863889016491e-05,0.000148501107301735
"CASSPQGGNTEVFF",0,0,0,7.6356278394991e-05,0,3.50665563239028e-05,0,3.6761777554484e-05,0,1.29131397653683e-05
"CASSPQGNSDYTF",0,2.58961357786191e-05,0,0,0,7.01331126478055e-05,0,3.98252590173577e-05,1.83747530892554e-05,2.58262795307365e-05
"CASSPQGNYAEQFF",0,6.21507258686859e-05,8.11117720218461e-05,0,0,4.20798675886833e-05,0,4.28887404802314e-05,0,5.1652559061473e-05
"CASSPQNQDTQYF",0,0,0,0,0,0,0,6.12696292574734e-06,0,1.29131397653683e-05
"CASSPQNYAEQFF",0,1.55376814671715e-05,0,0,0,0,0.000279043809878151,6.12696292574734e-06,9.18737654462768e-05,0
"CASSPRDRYAEQFF",0,0,0,1.5434718856596e-05,0,0,0,4.0608972146306e-05,5.07620655084455e-05,0
"CASSPRGDERLFF",0,2.07169086228953e-05,0,0,0,0,0,0,0,0
"CASSPRGRDTQYF",0,8.28676344915812e-05,0,0,0,0,0,4.90157034059787e-05,1.83747530892554e-05,0
"CASSPRGSAETLYF",0,3.47759559040879e-05,2.43643938747914e-05,3.08694377131921e-05,0,3.90005460076441e-05,0,2.84262805024142e-05,0,0
"CASSPRQGSAETLYF",0,0,0,0,0,0,0,0,0,1.20469590463627e-05
"CASSPRQGVNSDYTF",0,0,0,0,0,0,0,8.1217944292612e-06,0,0
"CASSPRQSSAETLYF",0,0,0,0,0,0,0,0,0,6.45656988268413e-06
"CASSPRTGDTEVFF",0,0,0,0,0,0,0,8.1217944292612e-06,0,0
"CASSPRTGGYEQYF",5.4255434586031e-05,1.7387977952044e-05,0.000219279544873122,0,0,9.10012740178362e-05,0,2.84262805024142e-05,2.53810327542228e-05,0
"CASSPRTSQNTLYF",0,8.69398897602198e-06,0,0,0,0,0,3.24871777170448e-05,0,1.20469590463627e-05
"CASSPSGEDTQYF",0,5.17922715572382e-06,0,0,0,0,0,0,3.67495061785107e-05,0
"CASSPSKNTLYF",5.4255434586031e-05,0,0,0,0,0,0,0,0,0
"CASSPTANTEVFF",3.61702897240207e-05,2.60819669280659e-05,0,9.26083131395762e-05,0,6.50009100127402e-05,0,5.68525610048284e-05,6.34525818855569e-05,3.61408771390882e-05
"CASSPTFNQDTQYF",0,0,0,0,0,1.40266225295611e-05,0,4.28887404802314e-05,0,6.45656988268413e-05
"CASSPTGAGNTLYF",0,2.60819669280659e-05,0,0,0,0,0,4.0608972146306e-05,8.88336146397797e-05,4.21643566622695e-05
"CASSPTGDYAEQFF",0,1.55376814671715e-05,0,0,0,0,0,1.8380888777242e-05,2.7562129633883e-05,1.29131397653683e-05
"CASSPTGGAREQYF",0,5.21639338561319e-05,0,6.17388754263841e-05,0.0002999700029997,0.000221003094043317,0,4.46698693609366e-05,1.26905163771114e-05,2.40939180927254e-05
"CASSPTGGVNTGQLYF",0,0,0,0,0,0,0,0,0,6.02347952318136e-06
"CASSPTGNTLYF",0,0,0,0,0,4.20798675886833e-05,0,1.8380888777242e-05,2.7562129633883e-05,1.93697096480524e-05
"CASSPTGPNERLFF",0,0,0,0,0,2.60003640050961e-05,0,2.0304486073153e-05,1.26905163771114e-05,0
"CASSPTGSQNTLYF",0,9.32260888030288e-05,0.000202779430054615,0,0,6.3119801383025e-05,9.3014603292717e-05,6.4333110720347e-05,1.83747530892554e-05,0.000174327386832471
"CASSPTGTDNQAPLF",0,8.69398897602198e-06,0,0,0,0,0,0,0,0
"CASSPTGVNQDTQYF",7.23405794480414e-05,2.60819669280659e-05,8.52753785617698e-05,0,0,2.60003640050961e-05,0,8.1217944292612e-06,0,4.81878361854509e-05
"CASSPTGYAEQFF",0.000108510869172062,1.7387977952044e-05,0,4.63041565697881e-05,0,9.10012740178363e-05,0,3.65480749316754e-05,2.53810327542228e-05,1.20469590463627e-05
"CASSQAGQGSYEQYF",0,0,0,0,0,0,0,8.1217944292612e-06,0,0
"CASSQAGSQNTLYF",0,0,0,0,0,0,0,0,5.07620655084455e-05,0
"CASSQDGGAYEQYF",0,0,0,0,0,1.40266225295611e-05,0,1.53174073143683e-05,0,1.29131397653683e-05
"CASSQDGGEVFF",0,0,6.75931433515384e-05,0,0,0,0,0,0,6.45656988268413e-06
"CASSQDGTGGETLYF",0,1.03584543114476e-05,0,0,0,0,0,0,3.67495061785107e-05,0
"CASSQDGTGNTEVFF",0,0,0,0.000114534417592487,0,0,0,2.14443702401157e-05,0,0
"CASSQDGVQNTLYF",0,0,0,0,0,0,0,6.12696292574734e-06,0,0
"CASSQDLGGQDTQYF",0,3.10753629343429e-05,0,7.6356278394991e-05,0,0,0.000186029206585434,4.28887404802314e-05,8.26863889016491e-05,2.58262795307365e-05
"CASSQDNYNSPLYF",0,0,0,0,0,0,0,0,2.53810327542228e-05,0
"CASSQDRGANTEVFF",0,2.07169086228953e-05,0,0,0,2.80532450591222e-05,0,2.45078517029893e-05,0,2.58262795307365e-05
"CASSQDRGGTEVFF",0,3.10753629343429e-05,0,0.000114534417592487,0,0,0,3.98252590173577e-05,0.000156185401258671,3.87394192961048e-05
"CASSQDRGGYEQYF",0,0,0,0,0,0,0,0,0,1.29131397653683e-05
"CASSQDRGQDTQYF",0.000302663438256659,4.66130444015144e-05,0,7.6356278394991e-05,0,0,0,9.49679253490837e-05,1.83747530892554e-05,3.87394192961048e-05
"CASSQDRGSYEQYF",0,0,0,0,0,0,0,5.5142666331726e-05,6.43116358123938e-05,3.22828494134206e-05
"CASSQDRGTNERLFF",0,1.55376814671715e-05,0,0,0,1.40266225295611e-05,0,3.6761777554484e-05,0,6.45656988268413e-06
"CASSQDSQGNSDYTF",0,0,0,0,0,0,0,6.12696292574734e-06,0,0
"CASSQDWDSAETLYF",0,0,0,0,0,2.10399337943417e-05,0,0,1.83747530892554e-05,0
"CASSQDWGEDTQYF",0.000756658595641647,8.8046861647305e-05,0.000189260801384308,0,0.000568343279340722,8.41597351773666e-05,0,0.00018380888777242,7.34990123570214e-05,0.000161414247067103
"CASSQDWGGADTQYF",0,3.62545900900668e-05,5.40745146812307e-05,7.6356278394991e-05,0,2.10399337943417e-05,0,0,0,1.93697096480524e-05
"CASSQDWGGAEQFF",0,0,0,0,0,6.50009100127402e-05,0,1.21826916438918e-05,0,1.20469590463627e-05
"CASSQDWGQDTQYF",9.04257243100517e-05,6.95519118081758e-05,4.87287877495828e-05,6.17388754263841e-05,0,0.000156002184030576,0,0.000101522430365765,1.26905163771114e-05,0.000114446110940446
"CASSQDWGVAETLYF",0,1.03584543114476e-05,0,0,0,0,0,0,0,0
"CASSQEGGRGTGQLYF",0,0,1.35186286703077e-05,0,0,0,0,0,0,0
"CASSQEGGTSAETLYF",0,1.03584543114476e-05,0,0,0,0,0,3.06348146287367e-06,0,1.29131397653683e-05
"CASSQEGQFYAEQFF",0,0,6.75931433515384e-05,0,0,0,0,0,0,0
"CASSQEGTEVFF",0,0,0,0,0,0,0,9.190444388621e-06,0.00011943589508016,3.87394192961048e-05
"CASSQEGTNERLFF",0,5.17922715572382e-05,0,0,0,0,0,1.22539258514947e-05,9.18737654462768e-06,0
"CASSQELGAYEQYF",0,0,0,0,0,2.10399337943417e-05,0,6.12696292574734e-06,0,0
"CASSQELGVQNTLYF",0,0,0,0,0,0,0,2.84262805024142e-05,0,0
"CASSQEPGGYAEQFF",0,1.03584543114476e-05,2.70372573406154e-05,0,0,0,0,6.12696292574734e-06,0,0
"CASSQEPGYEQYF",0,5.17922715572382e-06,0,0,0,0,0,9.190444388621e-06,0,0
"CASSQETGRDTQYF",0,0,0,0,0,0,0,2.7571333165863e-05,0,2.58262795307365e-05
"CASSQEWGGYEQYF",0,3.10753629343429e-05,0,0,0,0,0,0,0,0
"CASSQGAGQNTLYF",0,0,0,0.000152712556789982,0,0,0,6.12696292574734e-06,0,1.29131397653683e-05
"CASSQGGDEQYF",0,0,0,0,0,0,0,0,0,6.02347952318136e-06
"CASSQGGGQNTLYF",0,3.10753629343429e-05,0,0,0,2.80532450591222e-05,0,1.8380888777242e-05,0,4.51959891787889e-05
"CASSQGGNYAEQFF",0,8.69398897602198e-06,0,0,0,0,0,2.43653832877836e-05,2.53810327542228e-05,3.01173976159068e-05
"CASSQGLGDSYEQYF",0,2.07169086228953e-05,0,0,0,0,0,9.190444388621e-06,0,0
"CASSQGNSGNTLYF",0,1.7387977952044e-05,1.21821969373957e-05,4.63041565697881e-05,0.0003999600039996,5.20007280101921e-05,0,2.0304486073153e-05,3.80715491313341e-05,2.40939180927254e-05
"CASSQGPYEQYF",0.000108510869172062,0,0,0,0,0,0,0,0,0
"CASSQGQYTEVFF",0,8.69398897602198e-06,0,0,0,0,0,1.62435888585224e-05,2.53810327542228e-05,1.80704385695441e-05
"CASSQGSQNTLYF",0.000126596014034072,1.7387977952044e-05,0,9.26083131395762e-05,0,1.3000182002548e-05,0,2.43653832877836e-05,3.80715491313342e-05,3.61408771390882e-05
"CASSQGTLSQNTLYF",0,0,0,0,0,0,0,0,0,1.29131397653683e-05
"CASSQGTSAETLYF",0.000151331719128329,0,0,0,0,4.90931788534639e-05,0,6.12696292574734e-06,0,1.93697096480524e-05
"CASSQLGANTGQLYF",0,0,0,0,0,0,0,9.190444388621e-06,0,0
"CASSQNRGAETLYF",0,2.58961357786191e-05,0,0,0,0,0,6.12696292574734e-06,0,0
"CASSQNRGNTEVFF",0,0,0,0,0,5.20007280101921e-05,0,1.21826916438918e-05,0,0
"CASSQPSNERLFF",0,1.03584543114476e-05,0,0,0,0,0,0,0,0
"CASSQQGNTEVFF",0,4.14338172457906e-05,0,0,0,9.11730464421472e-05,0,3.36982960916104e-05,7.34990123570214e-05,7.74788385922095e-05
"CASSQTGSEQYF",0,0,0,0,0,0,0,9.190444388621e-06,0,0
"CASSQTGYEQYF",0,2.07169086228953e-05,6.75931433515384e-05,0,0,0,9.3014603292717e-05,0.000116412295589199,0,6.45656988268412e-05
"CASSQTSNSDYTF",0,0,0,0,0,0,0,6.12696292574734e-06,0,0
"CASSQVNYAEQFF",0,0,0,0,0,0,0,0,1.83747530892554e-05,6.45656988268413e-06
"CASSRAGNYAEQFF",0,0,0,0,0,0,0,2.84262805024142e-05,0,0
"CASSRDNYEQYF",0,0.000119122224581648,0.000121667658032769,7.6356278394991e-05,0,9.81863577069278e-05,0,0.000180745406309546,0.000156185401258671,0.000154957677184419
"CASSRDRDYEQYF",0,1.55376814671715e-05,0,0,0,1.40266225295611e-05,0,1.22539258514947e-05,2.7562129633883e-05,0
"CASSRDRGDERLFF",0,0,0,3.08694377131921e-05,0,0,0,0,0,1.20469590463627e-05
"CASSRDRGLNQDTQYF",0,0,0,0,0,0,0,8.1217944292612e-06,0,0
"CASSRDRGRAEQFF",0,2.07169086228953e-05,0,0,0,0,0,9.190444388621e-06,1.83747530892554e-05,0
"CASSRDRGSDYTF",0,1.03584543114476e-05,0,0,0,0,9.3014603292717e-05,3.98252590173577e-05,2.7562129633883e-05,2.58262795307365e-05
"CASSRDRNTEVFF",1.80851448620103e-05,2.60819669280659e-05,0,7.71735942829801e-05,0,0,0,9.34006359365038e-05,3.80715491313342e-05,3.61408771390882e-05
"CASSRDRSSGNTLYF",0,0,0,0,0,0,0,4.0608972146306e-06,0,0
"CASSRDRVAETLYF",3.61702897240207e-05,8.69398897602198e-06,0,0,0,0,0,0,0,0
"CASSRDSEQYF",0,0,0,0,0,0,0,8.1217944292612e-06,2.53810327542228e-05,0
"CASSRDSNERLFF",0,0,3.65465908121871e-05,0,0,3.90005460076441e-05,0,0,0,1.20469590463627e-05
"CASSRDSNYAEQFF",0,3.62545900900668e-05,0,0.000190890695987478,0,7.01331126478055e-06,0,7.3523555108968e-05,0.000110248518535532,3.22828494134206e-05
"CASSRDTNSDYTF",0,0,0,1.5434718856596e-05,0,0,0,0,0,1.80704385695441e-05
"CASSRDWGQNTLYF",0,5.17922715572382e-05,0,0,0,3.50665563239028e-05,0,3.6761777554484e-05,9.18737654462768e-06,3.22828494134206e-05
"CASSRDWGSSYEQYF",5.4255434586031e-05,9.56338787362418e-05,2.43643938747914e-05,0.000169781907422556,0,0.000286004004056057,0,3.65480749316754e-05,1.26905163771114e-05,0.000168657426649078
"CASSRDYEQYF",0,1.55376814671715e-05,0,0,0,0,0,1.8380888777242e-05,4.59368827231384e-05,1.29131397653683e-05
"CASSREQGEDTQYF",0,0,0,0,0,0,0,0,0,6.45656988268413e-06
"CASSREYEQYF",0,1.55376814671715e-05,0,0,0,3.50665563239028e-05,0,6.12696292574734e-06,0,1.29131397653683e-05
"CASSRGAGDTQYF",0,0,1.35186286703077e-05,0,0,0,0,2.45078517029893e-05,0,6.45656988268413e-06
"CASSRGGTSQNTLYF",0,0,0,0,0,0,0,1.21826916438918e-05,0,0
"CASSRGLGGNYAEQFF",0,0,0,0,0,0,0,1.22539258514947e-05,1.83747530892554e-05,0
"CASSRGNAETLYF",0,0,0,0.000190890695987478,0,1.40266225295611e-05,0,6.12696292574734e-06,0,0
"CASSRGNSPLYF",0,0,0,0,0,7.01331126478055e-06,0,6.12696292574734e-06,0,1.29131397653683e-05
"CASSRGQNTEVFF",0,0,0,9.26083131395762e-05,0,0,0,1.62435888585224e-05,3.80715491313341e-05,1.80704385695441e-05
"CASSRGSDYTF",0,6.08579228321539e-05,0,0,0,0,0,0,0,2.40939180927254e-05
"CASSRGTGGGDTQYF",0,0,0,0,0,2.10399337943417e-05,0,0,0,0
"CASSRLGGAETLYF",0,0,0,0,0,6.50009100127402e-05,0,3.24871777170448e-05,6.34525818855569e-05,1.80704385695441e-05
"CASSRLGGLAEQFF",0,0,0,0,0,5.20007280101921e-05,0,1.62435888585224e-05,0,0
"CASSRLGGYEQYF",0,4.66130444015144e-05,4.0555886010923e-05,0,0,2.10399337943417e-05,0.000418565714817226,3.06348146287367e-05,1.83747530892554e-05,0
"CASSRLQDTQYF",0,0,0,3.08694377131921e-05,0,7.80010920152882e-05,0,1.62435888585224e-05,0.000126905163771114,0
"CASSRNQDTQYF",0,4.66130444015144e-05,0.000121667658032769,0,0,2.10399337943417e-05,0,3.6761777554484e-05,6.43116358123938e-05,5.81091289441571e-05
"CASSRQANTEVFF",0,5.17922715572382e-05,8.11117720218461e-05,3.81781391974955e-05,0,7.71464239125861e-05,9.3014603292717e-05,0.000104158369737705,7.34990123570214e-05,8.39354084748936e-05
"CASSRQFSNERLFF",5.4255434586031e-05,0,0,3.81781391974955e-05,0,0,0,7.03888394384915e-05,0.000113751658368016,1.20469590463627e-05
"CASSRQGNSDYTF",0,7.25091801801335e-05,0.000108149029362461,0.000152712556789982,0,7.71464239125861e-05,0.000325551111524509,4.28887404802314e-05,2.7562129633883e-05,4.51959891787889e-05
"CASSRQGSTEVFF",0.000453995157384988,0,4.0555886010923e-05,0,0,0,0,1.8380888777242e-05,0,0
"CASSRQGSYEQYF",0,1.03584543114476e-05,4.0555886010923e-05,7.6356278394991e-05,0,1.40266225295611e-05,0,2.45078517029893e-05,0,0
"CASSRQSGNTLYF",0,0,0,0.000152712556789982,0,0,4.65073016463585e-05,2.14443702401157e-05,1.83747530892554e-05,0
"CASSRQYAEQFF",0,0,0.000158368560186144,1.5434718856596e-05,0,0,0,0,0,0
"CASSRRLGQDTQYF",0,0,0,0,0,0,0,2.43653832877836e-05,0,1.80704385695441e-05
"CASSRSGNTLYF",0,2.07169086228953e-05,6.75931433515384e-05,0.000152712556789982,0,0,0,1.53174073143683e-05,4.59368827231384e-05,2.58262795307365e-05
"CASSRTDYEQYF",0,2.58961357786191e-05,0,0,0,0,0,1.22539258514947e-05,0,0
"CASSRTGGKDTQYF",0,0,0,0,0,0,0,3.06348146287367e-06,0,6.45656988268413e-06
"CASSRTGGSSYEQYF",0,4.34699448801099e-05,0,3.08694377131921e-05,0,3.90005460076441e-05,0,4.46698693609366e-05,2.53810327542228e-05,2.40939180927254e-05
"CASSRTGNYAEQFF",1.80851448620103e-05,2.60819669280659e-05,0.000292372726497497,7.71735942829801e-05,0.0003999600039996,1.3000182002548e-05,0,0.000101522430365765,5.07620655084455e-05,6.6258274754995e-05
"CASSRTGTNERLFF",0,8.69398897602198e-06,0,0,0,0,0,0,0,1.20469590463627e-05
"CASSRTVSNERLFF",0,5.6971498712962e-05,6.75931433515384e-05,3.81781391974955e-05,0,1.40266225295611e-05,0.000558087619756302,6.4333110720347e-05,9.18737654462768e-06,5.81091289441571e-05
"CASSRVSAETLYF",0,1.03584543114476e-05,0,0,0,0,0,1.22539258514947e-05,9.18737654462768e-06,0
"CASSSDRGDTQYF",1.80851448620103e-05,0.00013040983464033,0,0,0,0,0,0.000113705122009657,6.34525818855569e-05,6.02347952318136e-06
"CASSSDRGEQYF",0,0,0,0,0,7.01331126478055e-05,0,4.28887404802314e-05,3.67495061785107e-05,1.29131397653683e-05
"CASSSDRGQNTLYF",0,0,0,4.63041565697881e-05,0,0,0,4.0608972146306e-06,0,1.80704385695441e-05
"CASSSGGADTQYF",3.61702897240207e-05,0,0,7.71735942829801e-05,0,6.50009100127402e-05,0,1.62435888585224e-05,0,5.42113157086323e-05
"CASSSGGQYEQYF",1.80851448620103e-05,0,0,0,0,0,0,0,0,0
"CASSSGGRDTQYF",3.61702897240207e-05,0,0,1.5434718856596e-05,0,0,0,2.43653832877836e-05,0,1.20469590463627e-05
"CASSSGGSAETLYF",0,1.03584543114476e-05,2.70372573406154e-05,0,0,8.41597351773666e-05,0,5.20791848688524e-05,0,3.87394192961048e-05
"CASSSGGSYEQYF",3.61702897240207e-05,4.34699448801099e-05,0,1.5434718856596e-05,0.0002999700029997,6.50009100127402e-05,0,2.43653832877836e-05,0,6.6258274754995e-05
"CASSSGGTEVFF",0.000108510869172062,0,0,4.63041565697881e-05,9.99900009999e-05,3.90005460076441e-05,0,4.46698693609366e-05,8.88336146397797e-05,3.01173976159068e-05
"CASSSGLGGDTQYF",7.23405794480414e-05,1.7387977952044e-05,9.74575754991655e-05,1.5434718856596e-05,0,0,0,6.90352526487202e-05,3.80715491313341e-05,1.80704385695441e-05
"CASSSGLYQDTQYF",0,0,0,0,0,0,0,1.62435888585224e-05,2.53810327542228e-05,0
"CASSSGPNERLFF",0,0,0,0,0,0,0.000232536508231792,0,0,6.45656988268413e-06
"CASSSGQGAEVFF",0,0,7.30931816243741e-05,0,0,0,0,0,0,1.80704385695441e-05
"CASSSGSDYTF",0,1.7387977952044e-05,0,0,0,0,0,4.0608972146306e-06,0,2.40939180927254e-05
"CASSSGTANSDYTF",0.000126596014034072,0.000121715845664308,0.000194915150998331,0.000138912469709364,0,0.000169002366033124,0,0.000101522430365765,6.34525818855569e-05,7.83052338013577e-05
"CASSSGTASNERLFF",0,0,0,0,0,0,0,0,2.53810327542228e-05,0
"CASSSGTGDAEQFF",7.23405794480414e-05,2.60819669280659e-05,0,0,0,0,0,2.0304486073153e-05,2.53810327542228e-05,2.40939180927254e-05
"CASSSGTGDTLYF",0,0,0,0,0.000284171639670361,0,0,0,0,1.29131397653683e-05
"CASSSGTGGTEVFF",0,4.51344102155356e-05,4.87287877495828e-05,0,0,0.000122133840657998,0,2.75000989582601e-05,0,4.43298084597833e-05
"CASSSGTGGYEQYF",0.000253192028068145,0.000295595625184747,0.000609109846869785,0.000401302690271497,0,0.000195002730038221,0,0.000426394207536213,0.000380715491313342,0.000560183595655867
"CASSSGTGSSYEQYF",0,0,5.40745146812307e-05,7.6356278394991e-05,0,0,0,1.53174073143683e-05,0,0
"CASSSGTGYEQYF",5.4255434586031e-05,4.34699448801099e-05,7.30931816243741e-05,0.000138912469709364,0.0001999800019998,2.60003640050961e-05,0,0.00013807050529744,5.07620655084455e-05,0.000108422631417265
"CASSSGTTSAETLYF",5.4255434586031e-05,0,0,9.26083131395762e-05,0,0,0,1.62435888585224e-05,0,1.20469590463627e-05
"CASSSLYEQYF",0,1.55376814671715e-05,0,0,0,0,0,1.8380888777242e-05,0,3.22828494134206e-05
"CASSSNTGQLYF",0,8.8046861647305e-05,2.70372573406154e-05,0.000190890695987478,0,0,0.000186029206585434,5.20791848688524e-05,0.00011943589508016,6.45656988268413e-05
"CASSSPGQGAETLYF",0,0,0,0,0,0,0,3.06348146287367e-06,0,0
"CASSSQEDTQYF",0,0,0,0,0,0,0,0,0,6.02347952318136e-06
"CASSSQGAGAEQFF",0,0,0,0,0,0,0,9.190444388621e-06,0,6.45656988268413e-06
"CASSSQGSQDTQYF",0,5.17922715572382e-06,0,0,0,0,0,2.14443702401157e-05,0,3.22828494134206e-05
"CASSSQNTLYF",5.4255434586031e-05,0.000260819669280659,8.52753785617698e-05,0.000138912469709364,0.0003999600039996,9.10012740178362e-05,0.000380662352493338,0.000223349346804683,0.000139595680148225,9.63756723709018e-05
"CASSSRDRANTEVFF",0,0,0,0,0,0,0,0,0,1.29131397653683e-05
"CASSSRDRGQDTQYF",0,0,0,7.71735942829801e-05,0,0,0,0,0,0
"CASSSRDWGYNYAEQFF",0,0,0,0,0,0,0,1.21826916438918e-05,0,0
"CASSSSGTGVYEQYF",0,0,0,0,0,0,0,1.21826916438918e-05,0,1.20469590463627e-05
"CASSSSQGGQDTQYF",0,3.47759559040879e-05,0,0,0,0,0,0,0,0
"CASSSSQNTLYF",0.000180851448620103,0.000304289614160769,0.000194915150998331,0.00015434718856596,0,6.50009100127402e-05,0,0.000154314094155963,0.000152286196525337,0.000192751344741804
"CASSSSSYEQYF",1.80851448620103e-05,6.08579228321539e-05,0,0.000123477750852768,0,6.50009100127402e-05,0,0.000125887813653549,3.80715491313341e-05,0.00013251654950999
"CASSSTENTEVFF",0,0,2.70372573406154e-05,0,0,2.80532450591222e-05,0,1.8380888777242e-05,1.83747530892554e-05,0
"CASSSTGESDYTF",0,0,0,0,0,0,0,0,0,6.45656988268413e-06
"CASSSTGNTGQLYF",0,2.58961357786191e-05,5.40745146812307e-05,0,0,3.50665563239028e-05,0,2.14443702401157e-05,0,3.22828494134206e-05
"CASSSTGRNSPLYF",0,0,0,0,0,0,0,6.12696292574734e-06,0,0
"CASSSTNSDYTF",3.61702897240207e-05,1.7387977952044e-05,0,0.000123477750852768,0.0001999800019998,0,0,7.30961498633508e-05,6.34525818855569e-05,4.21643566622695e-05
"CASSSTVSNERLFF",7.23405794480414e-05,0,0,3.08694377131921e-05,0,0,0,3.24871777170448e-05,3.80715491313342e-05,5.42113157086323e-05
"CASSSWGGEDTQYF",0,5.17922715572382e-06,0,0,0,0,0,6.12696292574734e-06,0,6.45656988268413e-06
"CASSTAGVQNTLYF",0,0,0,0,0,0,0,6.12696292574734e-06,0,0
"CASSTDWGSAETLYF",0,0,0,0,0,0,0,1.62435888585224e-05,0,1.80704385695441e-05
"CASSTGANTEVFF",0,2.60819669280659e-05,0,3.08694377131921e-05,0,0,0,2.43653832877836e-05,0,0
"CASSTGEANSDYTF",0,0,0,0,0,0,0,1.21826916438918e-05,0,0
"CASSTGGGQDTQYF",0,0,0,0,0,0,0,6.12696292574734e-06,3.67495061785107e-05,0
"CASSTGKNTLYF",0,0,0,0,0,0,0,0,0,6.02347952318136e-06
"CASSTGNYAEQFF",0,4.66130444015144e-05,6.75931433515384e-05,0,0,3.50665563239028e-05,0,3.98252590173577e-05,3.67495061785107e-05,0
"CASSTGQQDTQYF",3.61702897240207e-05,3.47759559040879e-05,0,0,0.0003999600039996,0,0,4.46698693609366e-05,2.53810327542228e-05,0
"CASSTGQSNERLFF",0,1.03584543114476e-05,0,0,0,0,0,0,2.7562129633883e-05,1.93697096480524e-05
"CASSTGTDAEQFF",0,0,0,0,0,0,0,4.0608972146306e-06,0,0
"CASSTTSQNTLYF",3.61702897240207e-05,0,0,0,0,0,0,1.21826916438918e-05,0,1.20469590463627e-05
"CASSVGQGQDTQYF",0,5.17922715572382e-06,0,0,0,3.50665563239028e-05,0,0,0,0
"CASSVGTGGSQNTLYF",0,1.03584543114476e-05,0,0,0,0,0,6.12696292574734e-06,0,1.29131397653683e-05
"CASSVLGGKDTQYF",3.61702897240207e-05,0,0,0,0,0,0,0,0,0
"CASSVTANSDYTF",5.4255434586031e-05,0,0.000292372726497497,3.08694377131921e-05,0,1.3000182002548e-05,0,2.43653832877836e-05,0,0
"CASSWANTEVFF",0,0,0,3.08694377131921e-05,0,0,0,0,0,0
"CASSWDKETLYF",0,0,0,0,0,0,0,9.190444388621e-06,0,0
"CASSWDKSSYEQYF",0,0,0,0,0,0,0,1.62435888585224e-05,0,0
"CASSWDKTNSDYTF",0,0,0,0,0,0,0,2.0304486073153e-05,0,0
"CASSWDNSGNTLYF",0,1.55376814671715e-05,0.000108149029362461,7.6356278394991e-05,0,6.3119801383025e-05,0,3.06348146287367e-05,2.7562129633883e-05,3.87394192961048e-05
"CASSWDREDTQYF",0,1.55376814671715e-05,2.70372573406154e-05,0,0,4.20798675886833e-05,0.000232536508231792,6.12696292574734e-06,0,0
"CASSWDWGYEQYF",0,8.69398897602198e-06,6.09109846869785e-05,0,0,9.10012740178363e-05,0,3.65480749316754e-05,2.53810327542228e-05,4.81878361854509e-05
"CASSWGFSNERLFF",0,0,0,0,0,0,0,1.21826916438918e-05,0,0
"CASSWGRDTEVFF",0,0,0,0,0,0,0,0,1.83747530892554e-05,0
"CASSWGSAETLYF",0,0,0.000121821969373957,0,0,9.10012740178363e-05,0,1.21826916438918e-05,0,0
"CASSWGSQNTLYF",0,2.07169086228953e-05,0,0.000267246974382469,0,2.10399337943417e-05,0,2.45078517029893e-05,8.26863889016491e-05,0
"CASSWQANTEVFF",0,2.58961357786191e-05,0,0,0,0,0,6.12696292574734e-06,0,0
"CASSWTGGGYAEQFF",0,0,0,0,0,0,0,0,0,1.20469590463627e-05
"CASSWTGGTYEQYF",0,2.58961357786191e-05,0,0,0,0,0,0,0,0
"CASSWTGSAETLYF",0,0,8.11117720218461e-05,0,0,4.90931788534639e-05,0,1.53174073143683e-05,0,0
"CASSYGQNTEVFF",0,1.55376814671715e-05,0,0,0,0,0,4.5952221943105e-05,9.18737654462768e-06,1.93697096480524e-05
"CASSYKYEQYF",7.23405794480414e-05,0,0,0,0,0,0,0,0,1.20469590463627e-05
"CASSYQTSAETLYF",0,0,0,0,0,1.3000182002548e-05,0,0,0,0
"CASSYREGAETLYF",0,1.55376814671715e-05,0,0,0,0,0,0,0,0
"CASSYRNERLFF",0,8.69398897602198e-06,0,0,0,7.80010920152882e-05,0,8.1217944292612e-06,0,1.20469590463627e-05
"CASSYWGGSQNTLYF",0,0,0,0,0,0,0,0,1.26905163771114e-05,0
"CASTDSAETLYF",0,2.60819669280659e-05,0,0,0,0,0,5.68525610048284e-05,5.07620655084455e-05,1.20469590463627e-05
"CASTGGALDTQYF",0,8.69398897602198e-06,0,0,0,0,0,0,0,0
"CASTGNERLFF",0,0,0,0,0,0,0.000139521904939075,6.12696292574734e-06,0,0
"CASTGTSAETLYF",0,1.03584543114476e-05,0,0,0,0,0,0,4.59368827231384e-05,0
"CAWGQGYEQYF",0,5.17922715572382e-06,0,0,0,0,0,0,0,0
"CAWRDSAETLYF",0,1.7387977952044e-05,0,0,0,0,0,0,0,0
"CAWRDWGGAYEQYF",0,0,0,0,0,0,0,9.190444388621e-06,0,1.29131397653683e-05
"CAWRLGGAETLYF",0,0,0,0,0,2.80532450591222e-05,0.000232536508231792,1.22539258514947e-05,0,3.22828494134206e-05
"CAWRLGGNTGQLYF",0,0,0,0,0,3.50665563239028e-05,0,1.22539258514947e-05,0,0
"CAWRLGGSSYEQYF",0,0,0,0,0,1.40266225295611e-05,0,0,5.51242592677661e-05,1.29131397653683e-05
"CAWRQSAETLYF",0,0,0,0,0,1.40266225295611e-05,0,0,0,0
"CAWSDWGQDTQYF",0,0,0,0,0,0,4.65073016463585e-05,0,0,0
"CAWSGGNTLYF",0,2.07169086228953e-05,6.75931433515384e-05,0,0,0,0,3.06348146287367e-06,0,0
"CAWSLDGGNQDTQYF",0,0,1.35186286703077e-05,0,0,0,0,0,0,0
"CAWSLDKNTGQLYF",0,1.03584543114476e-05,0,0,0,0,0,0,0,0
"CAWSLDTSNERLFF",0,0,0,0,0,0,0,1.8380888777242e-05,0,1.93697096480524e-05
"CAWSLEGEGAEQFF",0,0,4.0555886010923e-05,0,0,0,0,0,0,0
"CAWSLEGGNSDYTF",0,2.07169086228953e-05,0,0,0,0,0,1.22539258514947e-05,0,6.45656988268413e-06
"CAWSLEGGNYAEQFF",0,0,6.75931433515384e-05,0,0,0,0,1.8380888777242e-05,0,0
"CAWSLEGGQDTQYF",0,5.17922715572382e-05,0,0,0,0.000112212980236489,0,3.98252590173577e-05,0,0
"CAWSLGGADSPLYF",0,1.7387977952044e-05,0,0,0,0,0,0,0,0
"CAWSLGGRGSDYTF",0,0,2.70372573406154e-05,0,0,0,0,0,0,0
"CAWSLGQKNTLYF",0,0,0,0,0,0,0,9.190444388621e-06,0,0
"CAWSLGTGGAEQFF",0,3.10753629343429e-05,0,0,0,6.3119801383025e-05,0,2.7571333165863e-05,0,3.87394192961048e-05
"CAWSLGTGGATGQLYF",0,0,0,0,0,0,0,0,0,1.29131397653683e-05
"CAWSLGTGRDTEVFF",0,0,0,0,0,7.01331126478055e-06,0,0,0,0
"CAWSLGTSNTEVFF",0,3.10753629343429e-05,0,3.81781391974955e-05,0,0,0,2.7571333165863e-05,0,2.58262795307365e-05
"CAWSLGYAEQFF",0,0,9.46304006921538e-05,0,0,0,0,1.8380888777242e-05,0,4.51959891787889e-05
"CAWSLIGGYAEQFF",0,0,0,0,0,0,0,0,0,1.29131397653683e-05
"CAWSLLGSAETLYF",0,6.73299530244097e-05,0,0,0,4.20798675886833e-05,0,3.36982960916104e-05,3.67495061785107e-05,1.93697096480524e-05
"CAWSLPGREQYF",0,6.08579228321539e-05,0,0,0,0,0,1.62435888585224e-05,0,0
"CAWSLRQGWAEQFF",0,1.55376814671715e-05,0,0,0,0,0,0,0,0
"CAWSLTGSNERLFF",0,5.17922715572382e-06,0,0,0,0,0,6.12696292574734e-06,5.51242592677661e-05,1.29131397653683e-05
"CAWSLTGYAEQFF",0,5.17922715572382e-06,0,0,0,0,0,2.45078517029893e-05,0,0
"CAWSLVGGNTLYF",0,2.07169086228953e-05,0,0,0,0,0,0,0,0
"CAWSPDTEVFF",0,1.55376814671715e-05,2.70372573406154e-05,0,0,1.40266225295611e-05,0,1.8380888777242e-05,0,0
"CAWSPGGGEQYF",0,0,0,0,0,0,0,1.8380888777242e-05,0,1.29131397653683e-05
"CAWSPGQSSAETLYF",0,2.07169086228953e-05,0,0,0,0,0,0,0,0
"CAWSPGQYEQYF",0,4.14338172457906e-05,0.000121667658032769,0.000267246974382469,0,0,0,5.82061477945997e-05,3.67495061785107e-05,0.000116218257888314
"CAWSPQANTEVFF",0,0,0,0,0,0,0,2.45078517029893e-05,0,1.29131397653683e-05
"CAWSPSSYEQYF",0,3.62545900900668e-05,0,3.81781391974955e-05,0,7.71464239125861e-05,0,1.22539258514947e-05,0,0
"CAWSQDRADSDYTF",0,1.03584543114476e-05,0,0,0,0,0,3.06348146287367e-06,9.18737654462768e-05,0
"CAWSQTGGAEQFF",0,2.07169086228953e-05,0,0,0,0,0,0,0,1.29131397653683e-05
"CAWSRDGEQYF",0,0,0,0,0,0,0,6.12696292574734e-06,0,0
"CAWSRDNANSDYTF",3.61702897240207e-05,0,0,0,0,0,0,0,3.80715491313342e-05,0
"CAWSRDRNTEVFF",0,0,0,0,0,6.3119801383025e-05,0,1.8380888777242e-05,0,3.22828494134206e-05
"CAWSRDWGYEQYF",0,6.21507258686859e-05,0,0,0,0,4.65073016463585e-05,7.04600736460944e-05,0,0.000129131397653682
"CAWSRGGRGAETLYF",0,0,0,0,0,0,0,6.12696292574734e-06,0,0
"CAWSRGSQNTLYF",0,5.17922715572382e-06,0,0,0,0,0,2.7571333165863e-05,0,1.29131397653683e-05
"CAWSRTGGDQDTQYF",1.80851448620103e-05,0,0,0,0,0,0,0,0,0
"CAWSYRGDQDTQYF",0,1.03584543114476e-05,0,0,0,0,0,0,0,0
"CAWTGTANSDYTF",0,5.17922715572382e-06,0,0,0,0,0,0,0,0
"CGAGDWGGADTQYF",0,0,0,0,0,0,0,0,3.67495061785107e-05,0
"CGAGTANSDYTF",0,1.55376814671715e-05,0,0,0,0,0,2.7571333165863e-05,0,1.29131397653683e-05
"CGAGTGQDTQYF",0,0,0,0,0,2.80532450591222e-05,0,6.12696292574734e-06,0,0
"CGARASAETLYF",0,1.55376814671715e-05,0,0,0,0,0,0,0,1.93697096480524e-05
"CGARDPGSGNTLYF",0,0,0,0,0,0,0,1.21826916438918e-05,0,0
"CGARDWGGAYEQYF",0,2.58961357786191e-05,0,7.6356278394991e-05,0,1.40266225295611e-05,4.65073016463585e-05,5.5142666331726e-05,6.43116358123938e-05,1.29131397653683e-05
"CGARDWGQNTLYF",0,1.7387977952044e-05,0,0,0,0,0,1.62435888585224e-05,0,0
"CGARDYQDTQYF",0,0,0,0,0,0,0,1.53174073143683e-05,0,1.29131397653683e-05
"CGARETGGYAEQFF",0,5.17922715572382e-06,0,0,0,0,0,9.190444388621e-06,0,0
"CGARGNSGNTLYF",0,0,0,7.6356278394991e-05,0,2.80532450591222e-05,0,1.53174073143683e-05,0,0
"CGARISQNTLYF",0,0,0,0,0,0,0,6.12696292574734e-06,0,0
"CGARQGDTQYF",0,1.03584543114476e-05,0,0,0,0,0,6.12696292574734e-06,0,0
"CGARTGNTEVFF",0,0,0,3.08694377131921e-05,0,0,0,0,0,0
"CSAAGAYAEQFF",0,0,0,0,0,0,0,1.22539258514947e-05,0,0
"CSAAGGEQFF",0,0,0,0,0,0,0,0,0,1.93697096480524e-05
"CSAARNTEVFF",0,0,0,0,0,0,0,6.12696292574734e-06,0,0
"CSADLANTEVFF",0,8.69398897602198e-06,8.52753785617698e-05,0,0,0,0,1.62435888585224e-05,2.53810327542228e-05,0
"CSADLGGLAEQFF",0,1.03584543114476e-05,0,0,0,0,0,9.190444388621e-06,0,0
"CSADLGGPYEQYF",0,8.69398897602198e-06,1.21821969373957e-05,0,0,0,0,0,3.80715491313342e-05,0
"CSADPGPNTEVFF",0,0,0,0,0,0,0,6.12696292574734e-06,0,0
"CSADRGDTEVFF",3.61702897240207e-05,8.69398897602198e-06,0,0,0,0,0,0,8.88336146397797e-05,3.61408771390882e-05
"CSADRGNTEVFF",0.000325532607516186,0.000269513658256681,0.000243643938747914,0.000169781907422556,0,0.000273003822053509,0,0.000389846132604538,0.000253810327542228,0.000325267894251794
"CSADRGSGNTLYF",0,0,0,0,0,0,0,8.1217944292612e-06,3.80715491313342e-05,0
"CSADSGNTLYF",0,7.76884073358573e-05,0.000135186286703077,0.000152712556789982,0,8.41597351773666e-05,4.65073016463585e-05,0.000156237554606557,6.43116358123938e-05,0.000142044537419051
"CSAEGQNTLYF",0,0,0,0,0,2.80532450591222e-05,0,3.36982960916104e-05,0,5.81091289441571e-05
"CSAEGVSYEQYF",0,0,0,0,0,0,0,0,0,2.40939180927254e-05
"CSAEGYAEQFF",0,0,2.43643938747914e-05,6.17388754263841e-05,0,0.000156002184030576,0,3.65480749316754e-05,0,5.42113157086323e-05
"CSAELGESAETLYF",0,1.7387977952044e-05,0,0,0,0,0,0,0,0
"CSAELGTSAETLYF",7.23405794480414e-05,0,0,0,0,0,0,0,0,3.01173976159068e-05
"CSAETDQNTLYF",0,2.07169086228953e-05,0,0,0,0,0,0,0,0
"CSAGGAGNTLYF",7.23405794480414e-05,8.69398897602198e-06,0,0,0,0,0,2.43653832877836e-05,0,4.21643566622695e-05
"CSAGGGSDYTF",0,0,0,0,0,7.01331126478055e-06,0,0,0,2.58262795307365e-05
"CSAGGQNTLYF",5.4255434586031e-05,8.69398897602198e-06,0.000219279544873122,3.08694377131921e-05,0,0,0,6.0913458219459e-05,3.80715491313341e-05,2.40939180927254e-05
"CSAGISNERLFF",0.000302663438256659,5.17922715572382e-06,6.75931433515384e-05,0.000190890695987478,0,2.10399337943417e-05,0,7.3523555108968e-05,9.18737654462768e-06,0.000135587967536367
"CSAGLNTEVFF",0,0,0,0,0,4.20798675886833e-05,0,6.12696292574734e-06,0,1.93697096480524e-05
"CSAGNSGNTLYF",3.61702897240207e-05,4.34699448801099e-05,0.000158368560186144,6.17388754263841e-05,0,1.3000182002548e-05,0.000507549803324451,8.93397387218732e-05,2.53810327542228e-05,3.01173976159068e-05
"CSAGQGPNERLFF",0,0,0,0,0,0,0,0,0,3.01173976159068e-05
"CSAGQSAETLYF",0,5.17922715572382e-06,4.0555886010923e-05,0,0,2.80532450591222e-05,0,0,5.51242592677661e-05,0
"CSAGTGGRQNTLYF",0,0,0,0,0,0,0,0,5.51242592677661e-05,0
"CSAGTGGYEQYF",0.000180851448620103,0.000156491801568396,0.000560381059120202,0.000200651345135748,0,0.000390005460076441,0.000126887450831113,0.000255836524521728,3.80715491313341e-05,0.000204798303788166
"CSAGTGSYEQYF",0,0,0,0,0,7.80010920152882e-05,0,3.24871777170448e-05,1.26905163771114e-05,5.42113157086323e-05
"CSAGTSSQNTLYF",0,5.17922715572382e-06,0,0,0,0,0,6.12696292574734e-06,0,1.29131397653683e-05
"CSAQGDTQYF",0,0,0,7.6356278394991e-05,0,7.01331126478055e-06,0,0,0,0
"CSARDKQDTQYF",0,1.03584543114476e-05,0,0,0,0,0,0,0,0
"CSARGGRQNTLYF",0,5.17922715572382e-06,0,0,0,0,0,0,0,0
"CSARQGYEQYF",0,0,0,0,0,0,0,0,0,1.20469590463627e-05
"CSASGGDYAEQFF",0,0,0,0,0,0,0,4.0608972146306e-06,0,0
"CSATGGDQDTQYF",0,0,0,0,0,0,9.3014603292717e-05,0,0,6.45656988268413e-06
"CSATTSAETLYF",0,0,0,0,0,1.40266225295611e-05,0,1.53174073143683e-05,0,1.29131397653683e-05
"CSGGPSAETLYF",0,0,0,0,0,0,0,4.0608972146306e-06,0,0
"CSGGQLSNERLFF",0,0,0,0,0,0,0,1.21826916438918e-05,0,1.20469590463627e-05
"CSGQGAETLYF",0,0,0,0,0,7.01331126478055e-06,0,0,0,0
"CSGQGGNQAPLF",0,1.03584543114476e-05,0,0,0,0,0,0,0,0
"CSGQGYEQYF",0,2.07169086228953e-05,5.40745146812307e-05,0,0,1.40266225295611e-05,0,1.8380888777242e-05,0,0
"CSGRDRGAEQFF",0,0,0,0,0,0,0,0,0,1.29131397653683e-05
"CSGTGGNTEVFF",0,1.7387977952044e-05,2.43643938747914e-05,0,0,0,0,0,0,2.40939180927254e-05
"CSSSPGQGTEVFF",0,1.03584543114476e-05,0,0,0,0,0,9.190444388621e-06,0,0
"CSTGGQNTLYF",0,0,0,0,0,0,0,2.0304486073153e-05,0,0
"CSTTANTEVFF",0,0,0,0,0,0,0,9.190444388621e-06,0,0
